2025-11-24 11:33:43,247 - author_ai.services.environment - INFO - Cleared pipeline tables in /Users/vicentefeliu/Documents/author_ai/author_-accuracy.ai/backend/data/accuracy.db
2025-11-24 11:33:43,308 - author_ai.services.environment - INFO - Environment reset complete; pipeline state cleared.
2025-11-24 11:33:43,312 - author_ai.pipelines.ingestion - INFO - Ingesting PDF /Users/vicentefeliu/Documents/author_ai/author_-accuracy.ai/backend/data/uploads/ceebc3f2-fee1-45fe-b0af-2e10242dd2d7/2025_world_hunger.pdf
2025-11-24 11:33:47,468 - author_ai.services.table_extraction - INFO - Tabula extracted 20 tables from /Users/vicentefeliu/Documents/author_ai/author_-accuracy.ai/backend/data/uploads/ceebc3f2-fee1-45fe-b0af-2e10242dd2d7/2025_world_hunger.pdf
2025-11-24 11:33:51,681 - author_ai.pipelines.ingestion - INFO - Chunking mode: semantic merge (threshold=0.95)
2025-11-24 11:33:52,113 - author_ai.pipelines.ingestion - INFO - Chunking mode: semantic merge (threshold=0.95)
2025-11-24 11:33:52,617 - author_ai.pipelines.ingestion - INFO - Chunking mode: semantic merge (threshold=0.95)
2025-11-24 11:33:53,031 - author_ai.pipelines.ingestion - INFO - Chunking mode: semantic merge (threshold=0.95)
2025-11-24 11:33:53,579 - author_ai.pipelines.ingestion - INFO - Chunking mode: semantic merge (threshold=0.95)
2025-11-24 11:33:53,869 - author_ai.pipelines.ingestion - INFO - Chunking mode: semantic merge (threshold=0.95)
2025-11-24 11:33:54,245 - author_ai.pipelines.ingestion - INFO - Chunking mode: semantic merge (threshold=0.95)
2025-11-24 11:33:54,656 - author_ai.pipelines.ingestion - INFO - Chunking mode: semantic merge (threshold=0.95)
2025-11-24 11:33:56,070 - author_ai.pipelines.accuracy - INFO - Indexed source /Users/vicentefeliu/Documents/author_ai/author_-accuracy.ai/backend/data/uploads/ceebc3f2-fee1-45fe-b0af-2e10242dd2d7/2025_world_hunger.pdf with 182 chunks
2025-11-24 11:33:56,175 - author_ai.pipelines.ingestion - INFO - Ingesting PDF /Users/vicentefeliu/Documents/author_ai/author_-accuracy.ai/backend/data/uploads/f8e2d7bf-d39e-45ba-ab03-e554f1b61c37/disruptions_in_the_food_supply_chain.pdf
2025-11-24 11:33:58,778 - author_ai.services.table_extraction - INFO - Tabula extracted 23 tables from /Users/vicentefeliu/Documents/author_ai/author_-accuracy.ai/backend/data/uploads/f8e2d7bf-d39e-45ba-ab03-e554f1b61c37/disruptions_in_the_food_supply_chain.pdf
2025-11-24 11:34:03,193 - author_ai.pipelines.ingestion - INFO - Chunking mode: semantic merge (threshold=0.95)
2025-11-24 11:34:03,536 - author_ai.pipelines.ingestion - INFO - Chunking mode: semantic merge (threshold=0.95)
2025-11-24 11:34:03,898 - author_ai.pipelines.ingestion - INFO - Chunking mode: semantic merge (threshold=0.95)
2025-11-24 11:34:04,370 - author_ai.pipelines.ingestion - INFO - Chunking mode: semantic merge (threshold=0.95)
2025-11-24 11:34:04,896 - author_ai.pipelines.ingestion - INFO - Chunking mode: semantic merge (threshold=0.95)
2025-11-24 11:34:05,205 - author_ai.pipelines.ingestion - INFO - Chunking mode: semantic merge (threshold=0.95)
2025-11-24 11:34:05,617 - author_ai.pipelines.ingestion - INFO - Chunking mode: semantic merge (threshold=0.95)
2025-11-24 11:34:06,150 - author_ai.pipelines.ingestion - INFO - Chunking mode: semantic merge (threshold=0.95)
2025-11-24 11:34:06,751 - author_ai.pipelines.ingestion - INFO - Chunking mode: semantic merge (threshold=0.95)
2025-11-24 11:34:07,171 - author_ai.pipelines.ingestion - INFO - Chunking mode: semantic merge (threshold=0.95)
2025-11-24 11:34:07,812 - author_ai.pipelines.ingestion - INFO - Chunking mode: semantic merge (threshold=0.95)
2025-11-24 11:34:08,288 - author_ai.pipelines.ingestion - INFO - Chunking mode: semantic merge (threshold=0.95)
2025-11-24 11:34:08,579 - author_ai.pipelines.ingestion - INFO - Chunking mode: semantic merge (threshold=0.95)
2025-11-24 11:34:08,884 - author_ai.pipelines.ingestion - INFO - Chunking mode: semantic merge (threshold=0.95)
2025-11-24 11:34:09,318 - author_ai.pipelines.ingestion - INFO - Chunking mode: semantic merge (threshold=0.95)
2025-11-24 11:34:09,615 - author_ai.pipelines.ingestion - INFO - Chunking mode: semantic merge (threshold=0.95)
2025-11-24 11:34:09,903 - author_ai.pipelines.ingestion - INFO - Chunking mode: semantic merge (threshold=0.95)
2025-11-24 11:34:10,447 - author_ai.pipelines.ingestion - INFO - Chunking mode: semantic merge (threshold=0.95)
2025-11-24 11:34:11,746 - author_ai.pipelines.ingestion - INFO - Chunking mode: semantic merge (threshold=0.95)
2025-11-24 11:34:13,529 - author_ai.pipelines.ingestion - INFO - Chunking mode: semantic merge (threshold=0.95)
2025-11-24 11:34:16,119 - author_ai.pipelines.ingestion - INFO - Chunking mode: semantic merge (threshold=0.95)
2025-11-24 11:34:25,933 - author_ai.pipelines.accuracy - INFO - Indexed source /Users/vicentefeliu/Documents/author_ai/author_-accuracy.ai/backend/data/uploads/f8e2d7bf-d39e-45ba-ab03-e554f1b61c37/disruptions_in_the_food_supply_chain.pdf with 1214 chunks
2025-11-24 11:34:26,479 - author_ai.pipelines.ingestion - INFO - Ingesting PDF /Users/vicentefeliu/Documents/author_ai/author_-accuracy.ai/backend/data/uploads/d4cd0c54-e676-4cb7-ad72-d877764dc6df/2024_Global_Wolrd_Hunger_Index.pdf
2025-11-24 11:34:34,430 - author_ai.services.table_extraction - INFO - Tabula extracted 72 tables from /Users/vicentefeliu/Documents/author_ai/author_-accuracy.ai/backend/data/uploads/d4cd0c54-e676-4cb7-ad72-d877764dc6df/2024_Global_Wolrd_Hunger_Index.pdf
2025-11-24 11:34:41,035 - author_ai.pipelines.ingestion - INFO - Chunking mode: semantic merge (threshold=0.95)
2025-11-24 11:34:41,036 - author_ai.pipelines.ingestion - INFO - Chunking mode: recursive splitter (max_chars=1200, overlap=200)
2025-11-24 11:34:41,340 - author_ai.pipelines.ingestion - INFO - Chunking mode: semantic merge (threshold=0.95)
2025-11-24 11:34:41,555 - author_ai.pipelines.ingestion - INFO - Chunking mode: semantic merge (threshold=0.95)
2025-11-24 11:34:41,911 - author_ai.pipelines.ingestion - INFO - Chunking mode: semantic merge (threshold=0.95)
2025-11-24 11:34:42,264 - author_ai.pipelines.ingestion - INFO - Chunking mode: semantic merge (threshold=0.95)
2025-11-24 11:34:42,890 - author_ai.pipelines.ingestion - INFO - Chunking mode: semantic merge (threshold=0.95)
2025-11-24 11:34:43,189 - author_ai.pipelines.ingestion - INFO - Chunking mode: semantic merge (threshold=0.95)
2025-11-24 11:34:43,476 - author_ai.pipelines.ingestion - INFO - Chunking mode: semantic merge (threshold=0.95)
2025-11-24 11:34:43,935 - author_ai.pipelines.ingestion - INFO - Chunking mode: semantic merge (threshold=0.95)
2025-11-24 11:34:44,213 - author_ai.pipelines.ingestion - INFO - Chunking mode: semantic merge (threshold=0.95)
2025-11-24 11:34:44,632 - author_ai.pipelines.ingestion - INFO - Chunking mode: semantic merge (threshold=0.95)
2025-11-24 11:34:44,953 - author_ai.pipelines.ingestion - INFO - Chunking mode: semantic merge (threshold=0.95)
2025-11-24 11:34:45,361 - author_ai.pipelines.ingestion - INFO - Chunking mode: semantic merge (threshold=0.95)
2025-11-24 11:34:45,860 - author_ai.pipelines.ingestion - INFO - Chunking mode: semantic merge (threshold=0.95)
2025-11-24 11:34:46,163 - author_ai.pipelines.ingestion - INFO - Chunking mode: semantic merge (threshold=0.95)
2025-11-24 11:34:46,588 - author_ai.pipelines.ingestion - INFO - Chunking mode: semantic merge (threshold=0.95)
2025-11-24 11:34:46,992 - author_ai.pipelines.ingestion - INFO - Chunking mode: semantic merge (threshold=0.95)
2025-11-24 11:34:47,412 - author_ai.pipelines.ingestion - INFO - Chunking mode: semantic merge (threshold=0.95)
2025-11-24 11:34:47,694 - author_ai.pipelines.ingestion - INFO - Chunking mode: semantic merge (threshold=0.95)
2025-11-24 11:34:48,010 - author_ai.pipelines.ingestion - INFO - Chunking mode: semantic merge (threshold=0.95)
2025-11-24 11:34:48,326 - author_ai.pipelines.ingestion - INFO - Chunking mode: semantic merge (threshold=0.95)
2025-11-24 11:34:48,734 - author_ai.pipelines.ingestion - INFO - Chunking mode: semantic merge (threshold=0.95)
2025-11-24 11:34:49,311 - author_ai.pipelines.ingestion - INFO - Chunking mode: semantic merge (threshold=0.95)
2025-11-24 11:34:49,595 - author_ai.pipelines.ingestion - INFO - Chunking mode: semantic merge (threshold=0.95)
2025-11-24 11:34:49,880 - author_ai.pipelines.ingestion - INFO - Chunking mode: semantic merge (threshold=0.95)
2025-11-24 11:34:50,369 - author_ai.pipelines.ingestion - INFO - Chunking mode: semantic merge (threshold=0.95)
2025-11-24 11:34:51,107 - author_ai.pipelines.ingestion - INFO - Chunking mode: semantic merge (threshold=0.95)
2025-11-24 11:34:51,765 - author_ai.pipelines.ingestion - INFO - Chunking mode: semantic merge (threshold=0.95)
2025-11-24 11:34:52,328 - author_ai.pipelines.ingestion - INFO - Chunking mode: semantic merge (threshold=0.95)
2025-11-24 11:34:52,572 - author_ai.pipelines.ingestion - INFO - Chunking mode: semantic merge (threshold=0.95)
2025-11-24 11:34:53,001 - author_ai.pipelines.ingestion - INFO - Chunking mode: semantic merge (threshold=0.95)
2025-11-24 11:34:53,343 - author_ai.pipelines.ingestion - INFO - Chunking mode: semantic merge (threshold=0.95)
2025-11-24 11:34:53,781 - author_ai.pipelines.ingestion - INFO - Chunking mode: semantic merge (threshold=0.95)
2025-11-24 11:34:54,165 - author_ai.pipelines.ingestion - INFO - Chunking mode: semantic merge (threshold=0.95)
2025-11-24 11:34:54,465 - author_ai.pipelines.ingestion - INFO - Chunking mode: semantic merge (threshold=0.95)
2025-11-24 11:34:54,804 - author_ai.pipelines.ingestion - INFO - Chunking mode: semantic merge (threshold=0.95)
2025-11-24 11:34:55,134 - author_ai.pipelines.ingestion - INFO - Chunking mode: semantic merge (threshold=0.95)
2025-11-24 11:34:55,778 - author_ai.pipelines.ingestion - INFO - Chunking mode: semantic merge (threshold=0.95)
2025-11-24 11:34:55,992 - author_ai.pipelines.ingestion - INFO - Chunking mode: semantic merge (threshold=0.95)
2025-11-24 11:34:56,308 - author_ai.pipelines.ingestion - INFO - Chunking mode: semantic merge (threshold=0.95)
2025-11-24 11:34:56,823 - author_ai.pipelines.ingestion - INFO - Chunking mode: semantic merge (threshold=0.95)
2025-11-24 11:34:57,396 - author_ai.pipelines.ingestion - INFO - Chunking mode: semantic merge (threshold=0.95)
2025-11-24 11:34:57,783 - author_ai.pipelines.ingestion - INFO - Chunking mode: semantic merge (threshold=0.95)
2025-11-24 11:34:58,401 - author_ai.pipelines.ingestion - INFO - Chunking mode: semantic merge (threshold=0.95)
2025-11-24 11:34:58,853 - author_ai.pipelines.ingestion - INFO - Chunking mode: semantic merge (threshold=0.95)
2025-11-24 11:34:59,265 - author_ai.pipelines.ingestion - INFO - Chunking mode: semantic merge (threshold=0.95)
2025-11-24 11:34:59,649 - author_ai.pipelines.ingestion - INFO - Chunking mode: semantic merge (threshold=0.95)
2025-11-24 11:35:00,006 - author_ai.pipelines.ingestion - INFO - Chunking mode: semantic merge (threshold=0.95)
2025-11-24 11:35:00,297 - author_ai.pipelines.ingestion - INFO - Chunking mode: semantic merge (threshold=0.95)
2025-11-24 11:35:00,597 - author_ai.pipelines.ingestion - INFO - Chunking mode: semantic merge (threshold=0.95)
2025-11-24 11:35:00,901 - author_ai.pipelines.ingestion - INFO - Chunking mode: semantic merge (threshold=0.95)
2025-11-24 11:35:03,198 - author_ai.pipelines.ingestion - INFO - Chunking mode: semantic merge (threshold=0.95)
2025-11-24 11:35:05,588 - author_ai.pipelines.ingestion - INFO - Chunking mode: semantic merge (threshold=0.95)
2025-11-24 11:35:07,109 - author_ai.pipelines.ingestion - INFO - Chunking mode: semantic merge (threshold=0.95)
2025-11-24 11:35:09,124 - author_ai.pipelines.ingestion - INFO - Chunking mode: semantic merge (threshold=0.95)
2025-11-24 11:35:10,650 - author_ai.pipelines.ingestion - INFO - Chunking mode: semantic merge (threshold=0.95)
2025-11-24 11:35:13,041 - author_ai.pipelines.ingestion - INFO - Chunking mode: semantic merge (threshold=0.95)
2025-11-24 11:35:15,332 - author_ai.pipelines.ingestion - INFO - Chunking mode: semantic merge (threshold=0.95)
2025-11-24 11:35:15,612 - author_ai.pipelines.ingestion - INFO - Chunking mode: semantic merge (threshold=0.95)
2025-11-24 11:35:16,096 - author_ai.pipelines.ingestion - INFO - Chunking mode: semantic merge (threshold=0.95)
2025-11-24 11:35:16,524 - author_ai.pipelines.ingestion - INFO - Chunking mode: semantic merge (threshold=0.95)
2025-11-24 11:35:16,877 - author_ai.pipelines.ingestion - INFO - Chunking mode: semantic merge (threshold=0.95)
2025-11-24 11:35:17,187 - author_ai.pipelines.ingestion - INFO - Chunking mode: semantic merge (threshold=0.95)
2025-11-24 11:35:17,187 - author_ai.pipelines.ingestion - INFO - Chunking mode: recursive splitter (max_chars=1200, overlap=200)
2025-11-24 11:35:17,658 - author_ai.pipelines.ingestion - INFO - Chunking mode: semantic merge (threshold=0.95)
2025-11-24 11:35:38,169 - author_ai.pipelines.accuracy - INFO - Indexed source /Users/vicentefeliu/Documents/author_ai/author_-accuracy.ai/backend/data/uploads/d4cd0c54-e676-4cb7-ad72-d877764dc6df/2024_Global_Wolrd_Hunger_Index.pdf with 2447 chunks
2025-11-24 11:35:38,381 - author_ai.pipelines.ingestion - INFO - Ingesting PDF /Users/vicentefeliu/Documents/author_ai/author_-accuracy.ai/backend/data/uploads/5c1a681d-259c-4c53-b6f6-7aefb6305fec/HH_Nov24-May25_FINAL.pdf
2025-11-24 11:35:42,678 - author_ai.services.table_extraction - INFO - Tabula extracted 58 tables from /Users/vicentefeliu/Documents/author_ai/author_-accuracy.ai/backend/data/uploads/5c1a681d-259c-4c53-b6f6-7aefb6305fec/HH_Nov24-May25_FINAL.pdf
2025-11-24 11:35:46,642 - author_ai.pipelines.ingestion - INFO - Chunking mode: semantic merge (threshold=0.95)
2025-11-24 11:35:47,172 - author_ai.pipelines.ingestion - INFO - Chunking mode: semantic merge (threshold=0.95)
2025-11-24 11:35:47,437 - author_ai.pipelines.ingestion - INFO - Chunking mode: semantic merge (threshold=0.95)
2025-11-24 11:35:48,031 - author_ai.pipelines.ingestion - INFO - Chunking mode: semantic merge (threshold=0.95)
2025-11-24 11:35:48,312 - author_ai.pipelines.ingestion - INFO - Chunking mode: semantic merge (threshold=0.95)
2025-11-24 11:35:48,537 - author_ai.pipelines.ingestion - INFO - Chunking mode: semantic merge (threshold=0.95)
2025-11-24 11:35:49,018 - author_ai.pipelines.ingestion - INFO - Chunking mode: semantic merge (threshold=0.95)
2025-11-24 11:35:49,284 - author_ai.pipelines.ingestion - INFO - Chunking mode: semantic merge (threshold=0.95)
2025-11-24 11:35:50,023 - author_ai.pipelines.ingestion - INFO - Chunking mode: semantic merge (threshold=0.95)
2025-11-24 11:35:50,595 - author_ai.pipelines.ingestion - INFO - Chunking mode: semantic merge (threshold=0.95)
2025-11-24 11:35:51,105 - author_ai.pipelines.ingestion - INFO - Chunking mode: semantic merge (threshold=0.95)
2025-11-24 11:35:51,477 - author_ai.pipelines.ingestion - INFO - Chunking mode: semantic merge (threshold=0.95)
2025-11-24 11:35:52,020 - author_ai.pipelines.ingestion - INFO - Chunking mode: semantic merge (threshold=0.95)
2025-11-24 11:35:52,466 - author_ai.pipelines.ingestion - INFO - Chunking mode: semantic merge (threshold=0.95)
2025-11-24 11:35:52,820 - author_ai.pipelines.ingestion - INFO - Chunking mode: semantic merge (threshold=0.95)
2025-11-24 11:35:53,136 - author_ai.pipelines.ingestion - INFO - Chunking mode: semantic merge (threshold=0.95)
2025-11-24 11:35:53,553 - author_ai.pipelines.ingestion - INFO - Chunking mode: semantic merge (threshold=0.95)
2025-11-24 11:35:53,955 - author_ai.pipelines.ingestion - INFO - Chunking mode: semantic merge (threshold=0.95)
2025-11-24 11:35:54,313 - author_ai.pipelines.ingestion - INFO - Chunking mode: semantic merge (threshold=0.95)
2025-11-24 11:35:54,973 - author_ai.pipelines.ingestion - INFO - Chunking mode: semantic merge (threshold=0.95)
2025-11-24 11:35:55,536 - author_ai.pipelines.ingestion - INFO - Chunking mode: semantic merge (threshold=0.95)
2025-11-24 11:35:55,891 - author_ai.pipelines.ingestion - INFO - Chunking mode: semantic merge (threshold=0.95)
2025-11-24 11:35:56,271 - author_ai.pipelines.ingestion - INFO - Chunking mode: semantic merge (threshold=0.95)
2025-11-24 11:35:56,617 - author_ai.pipelines.ingestion - INFO - Chunking mode: semantic merge (threshold=0.95)
2025-11-24 11:35:57,022 - author_ai.pipelines.ingestion - INFO - Chunking mode: semantic merge (threshold=0.95)
2025-11-24 11:35:57,414 - author_ai.pipelines.ingestion - INFO - Chunking mode: semantic merge (threshold=0.95)
2025-11-24 11:35:57,856 - author_ai.pipelines.ingestion - INFO - Chunking mode: semantic merge (threshold=0.95)
2025-11-24 11:35:58,438 - author_ai.pipelines.ingestion - INFO - Chunking mode: semantic merge (threshold=0.95)
2025-11-24 11:35:58,749 - author_ai.pipelines.ingestion - INFO - Chunking mode: semantic merge (threshold=0.95)
2025-11-24 11:35:59,072 - author_ai.pipelines.ingestion - INFO - Chunking mode: semantic merge (threshold=0.95)
2025-11-24 11:35:59,543 - author_ai.pipelines.ingestion - INFO - Chunking mode: semantic merge (threshold=0.95)
2025-11-24 11:35:59,821 - author_ai.pipelines.ingestion - INFO - Chunking mode: semantic merge (threshold=0.95)
2025-11-24 11:36:00,143 - author_ai.pipelines.ingestion - INFO - Chunking mode: semantic merge (threshold=0.95)
2025-11-24 11:36:00,436 - author_ai.pipelines.ingestion - INFO - Chunking mode: semantic merge (threshold=0.95)
2025-11-24 11:36:00,753 - author_ai.pipelines.ingestion - INFO - Chunking mode: semantic merge (threshold=0.95)
2025-11-24 11:36:01,226 - author_ai.pipelines.ingestion - INFO - Chunking mode: semantic merge (threshold=0.95)
2025-11-24 11:36:01,524 - author_ai.pipelines.ingestion - INFO - Chunking mode: semantic merge (threshold=0.95)
2025-11-24 11:36:01,747 - author_ai.pipelines.ingestion - INFO - Chunking mode: semantic merge (threshold=0.95)
2025-11-24 11:36:02,146 - author_ai.pipelines.ingestion - INFO - Chunking mode: semantic merge (threshold=0.95)
2025-11-24 11:36:02,575 - author_ai.pipelines.ingestion - INFO - Chunking mode: semantic merge (threshold=0.95)
2025-11-24 11:36:02,955 - author_ai.pipelines.ingestion - INFO - Chunking mode: semantic merge (threshold=0.95)
2025-11-24 11:36:04,134 - author_ai.pipelines.ingestion - INFO - Chunking mode: semantic merge (threshold=0.95)
2025-11-24 11:36:05,872 - author_ai.pipelines.ingestion - INFO - Chunking mode: semantic merge (threshold=0.95)
2025-11-24 11:36:06,815 - author_ai.pipelines.ingestion - INFO - Chunking mode: semantic merge (threshold=0.95)
2025-11-24 11:36:07,901 - author_ai.pipelines.ingestion - INFO - Chunking mode: semantic merge (threshold=0.95)
2025-11-24 11:36:08,945 - author_ai.pipelines.ingestion - INFO - Chunking mode: semantic merge (threshold=0.95)
2025-11-24 11:36:09,953 - author_ai.pipelines.ingestion - INFO - Chunking mode: semantic merge (threshold=0.95)
2025-11-24 11:36:11,179 - author_ai.pipelines.ingestion - INFO - Chunking mode: semantic merge (threshold=0.95)
2025-11-24 11:36:12,018 - author_ai.pipelines.ingestion - INFO - Chunking mode: semantic merge (threshold=0.95)
2025-11-24 11:36:12,932 - author_ai.pipelines.ingestion - INFO - Chunking mode: semantic merge (threshold=0.95)
2025-11-24 11:36:14,794 - author_ai.pipelines.ingestion - INFO - Chunking mode: semantic merge (threshold=0.95)
2025-11-24 11:36:15,740 - author_ai.pipelines.ingestion - INFO - Chunking mode: semantic merge (threshold=0.95)
2025-11-24 11:36:17,059 - author_ai.pipelines.ingestion - INFO - Chunking mode: semantic merge (threshold=0.95)
2025-11-24 11:36:18,363 - author_ai.pipelines.ingestion - INFO - Chunking mode: semantic merge (threshold=0.95)
2025-11-24 11:36:18,619 - author_ai.pipelines.ingestion - INFO - Chunking mode: semantic merge (threshold=0.95)
2025-11-24 11:36:18,928 - author_ai.pipelines.ingestion - INFO - Chunking mode: semantic merge (threshold=0.95)
2025-11-24 11:36:40,053 - author_ai.pipelines.accuracy - INFO - Indexed source /Users/vicentefeliu/Documents/author_ai/author_-accuracy.ai/backend/data/uploads/5c1a681d-259c-4c53-b6f6-7aefb6305fec/HH_Nov24-May25_FINAL.pdf with 2319 chunks
2025-11-24 11:36:40,707 - author_ai.pipelines.ingestion - INFO - Ingesting PDF /Users/vicentefeliu/Documents/author_ai/author_-accuracy.ai/backend/data/uploads/d6bd94d4-a822-4ad4-a88f-9aef79e8421e/World_Hunger_Fake.pdf
2025-11-24 11:36:41,151 - author_ai.services.table_extraction - INFO - Tabula extracted 4 tables from /Users/vicentefeliu/Documents/author_ai/author_-accuracy.ai/backend/data/uploads/d6bd94d4-a822-4ad4-a88f-9aef79e8421e/World_Hunger_Fake.pdf
2025-11-24 11:36:44,922 - author_ai.pipelines.ingestion - INFO - Chunking mode: semantic merge (threshold=0.95)
2025-11-24 11:36:45,364 - author_ai.pipelines.ingestion - INFO - Chunking mode: semantic merge (threshold=0.95)
2025-11-24 11:36:45,873 - author_ai.pipelines.ingestion - INFO - Chunking mode: semantic merge (threshold=0.95)
2025-11-24 11:36:45,874 - author_ai.pipelines.ingestion - INFO - Chunking mode: recursive splitter (max_chars=1200, overlap=200)
2025-11-24 11:38:00,895 - author_ai.pipelines.accuracy - INFO - Extracted 23 claims from /Users/vicentefeliu/Documents/author_ai/author_-accuracy.ai/backend/data/uploads/d6bd94d4-a822-4ad4-a88f-9aef79e8421e/World_Hunger_Fake.pdf
2025-11-24 11:38:00,897 - author_ai.pipelines.ingestion - INFO - Ingesting PDF /Users/vicentefeliu/Documents/author_ai/author_-accuracy.ai/backend/data/uploads/d6bd94d4-a822-4ad4-a88f-9aef79e8421e/World_Hunger_Fake.pdf
2025-11-24 11:38:01,481 - author_ai.services.table_extraction - INFO - Tabula extracted 4 tables from /Users/vicentefeliu/Documents/author_ai/author_-accuracy.ai/backend/data/uploads/d6bd94d4-a822-4ad4-a88f-9aef79e8421e/World_Hunger_Fake.pdf
2025-11-24 11:38:05,408 - author_ai.pipelines.ingestion - INFO - Chunking mode: semantic merge (threshold=0.95)
2025-11-24 11:38:05,724 - author_ai.pipelines.ingestion - INFO - Chunking mode: semantic merge (threshold=0.95)
2025-11-24 11:38:06,054 - author_ai.pipelines.ingestion - INFO - Chunking mode: semantic merge (threshold=0.95)
2025-11-24 11:38:06,054 - author_ai.pipelines.ingestion - INFO - Chunking mode: recursive splitter (max_chars=1200, overlap=200)
2025-11-24 13:25:31,785 - author_ai.services.environment - INFO - Cleared pipeline tables in /Users/vicentefeliu/Documents/author_ai/author_-accuracy.ai/backend/data/accuracy.db
2025-11-24 13:25:31,824 - author_ai.services.environment - INFO - Environment reset complete; pipeline state cleared.
2025-11-24 13:25:31,828 - author_ai.pipelines.ingestion - INFO - Ingesting PDF /Users/vicentefeliu/Documents/author_ai/author_-accuracy.ai/backend/data/uploads/ceebc3f2-fee1-45fe-b0af-2e10242dd2d7/2025_world_hunger.pdf
2025-11-24 13:25:35,705 - author_ai.services.table_extraction - INFO - Tabula extracted 20 tables from /Users/vicentefeliu/Documents/author_ai/author_-accuracy.ai/backend/data/uploads/ceebc3f2-fee1-45fe-b0af-2e10242dd2d7/2025_world_hunger.pdf
2025-11-24 13:25:42,288 - author_ai.pipelines.ingestion - INFO - Chunking mode: semantic merge (threshold=0.95)
2025-11-24 13:25:43,130 - author_ai.pipelines.ingestion - INFO - Chunking mode: semantic merge (threshold=0.95)
2025-11-24 13:25:45,025 - author_ai.pipelines.ingestion - INFO - Chunking mode: semantic merge (threshold=0.95)
2025-11-24 13:25:45,436 - author_ai.pipelines.ingestion - INFO - Chunking mode: semantic merge (threshold=0.95)
2025-11-24 13:25:48,013 - author_ai.pipelines.ingestion - INFO - Chunking mode: semantic merge (threshold=0.95)
2025-11-24 13:25:48,367 - author_ai.pipelines.ingestion - INFO - Chunking mode: semantic merge (threshold=0.95)
2025-11-24 13:25:49,011 - author_ai.pipelines.ingestion - INFO - Chunking mode: semantic merge (threshold=0.95)
2025-11-24 13:25:49,554 - author_ai.pipelines.ingestion - INFO - Chunking mode: semantic merge (threshold=0.95)
2025-11-24 13:25:52,205 - author_ai.pipelines.accuracy - INFO - Indexed source /Users/vicentefeliu/Documents/author_ai/author_-accuracy.ai/backend/data/uploads/ceebc3f2-fee1-45fe-b0af-2e10242dd2d7/2025_world_hunger.pdf with 182 chunks
2025-11-24 13:25:52,251 - author_ai.pipelines.ingestion - INFO - Ingesting PDF /Users/vicentefeliu/Documents/author_ai/author_-accuracy.ai/backend/data/uploads/f8e2d7bf-d39e-45ba-ab03-e554f1b61c37/disruptions_in_the_food_supply_chain.pdf
2025-11-24 13:25:55,069 - author_ai.services.table_extraction - INFO - Tabula extracted 23 tables from /Users/vicentefeliu/Documents/author_ai/author_-accuracy.ai/backend/data/uploads/f8e2d7bf-d39e-45ba-ab03-e554f1b61c37/disruptions_in_the_food_supply_chain.pdf
2025-11-24 13:25:59,776 - author_ai.pipelines.ingestion - INFO - Chunking mode: semantic merge (threshold=0.95)
2025-11-24 13:26:00,127 - author_ai.pipelines.ingestion - INFO - Chunking mode: semantic merge (threshold=0.95)
2025-11-24 13:26:00,781 - author_ai.pipelines.ingestion - INFO - Chunking mode: semantic merge (threshold=0.95)
2025-11-24 13:26:01,621 - author_ai.pipelines.ingestion - INFO - Chunking mode: semantic merge (threshold=0.95)
2025-11-24 13:26:02,277 - author_ai.pipelines.ingestion - INFO - Chunking mode: semantic merge (threshold=0.95)
2025-11-24 13:26:02,676 - author_ai.pipelines.ingestion - INFO - Chunking mode: semantic merge (threshold=0.95)
2025-11-24 13:26:03,207 - author_ai.pipelines.ingestion - INFO - Chunking mode: semantic merge (threshold=0.95)
2025-11-24 13:26:03,870 - author_ai.pipelines.ingestion - INFO - Chunking mode: semantic merge (threshold=0.95)
2025-11-24 13:26:04,330 - author_ai.pipelines.ingestion - INFO - Chunking mode: semantic merge (threshold=0.95)
2025-11-24 13:26:04,697 - author_ai.pipelines.ingestion - INFO - Chunking mode: semantic merge (threshold=0.95)
2025-11-24 13:26:05,422 - author_ai.pipelines.ingestion - INFO - Chunking mode: semantic merge (threshold=0.95)
2025-11-24 13:26:05,859 - author_ai.pipelines.ingestion - INFO - Chunking mode: semantic merge (threshold=0.95)
2025-11-24 13:26:06,131 - author_ai.pipelines.ingestion - INFO - Chunking mode: semantic merge (threshold=0.95)
2025-11-24 13:26:06,458 - author_ai.pipelines.ingestion - INFO - Chunking mode: semantic merge (threshold=0.95)
2025-11-24 13:26:06,896 - author_ai.pipelines.ingestion - INFO - Chunking mode: semantic merge (threshold=0.95)
2025-11-24 13:26:07,202 - author_ai.pipelines.ingestion - INFO - Chunking mode: semantic merge (threshold=0.95)
2025-11-24 13:26:07,608 - author_ai.pipelines.ingestion - INFO - Chunking mode: semantic merge (threshold=0.95)
2025-11-24 13:26:08,020 - author_ai.pipelines.ingestion - INFO - Chunking mode: semantic merge (threshold=0.95)
2025-11-24 13:26:09,618 - author_ai.pipelines.ingestion - INFO - Chunking mode: semantic merge (threshold=0.95)
2025-11-24 13:26:11,798 - author_ai.pipelines.ingestion - INFO - Chunking mode: semantic merge (threshold=0.95)
2025-11-24 13:26:14,314 - author_ai.pipelines.ingestion - INFO - Chunking mode: semantic merge (threshold=0.95)
2025-11-24 13:26:26,045 - author_ai.pipelines.accuracy - INFO - Indexed source /Users/vicentefeliu/Documents/author_ai/author_-accuracy.ai/backend/data/uploads/f8e2d7bf-d39e-45ba-ab03-e554f1b61c37/disruptions_in_the_food_supply_chain.pdf with 1214 chunks
2025-11-24 13:26:26,785 - author_ai.pipelines.ingestion - INFO - Ingesting PDF /Users/vicentefeliu/Documents/author_ai/author_-accuracy.ai/backend/data/uploads/d4cd0c54-e676-4cb7-ad72-d877764dc6df/2024_Global_Wolrd_Hunger_Index.pdf
2025-11-24 13:26:34,419 - author_ai.services.table_extraction - INFO - Tabula extracted 72 tables from /Users/vicentefeliu/Documents/author_ai/author_-accuracy.ai/backend/data/uploads/d4cd0c54-e676-4cb7-ad72-d877764dc6df/2024_Global_Wolrd_Hunger_Index.pdf
2025-11-24 13:26:41,577 - author_ai.pipelines.ingestion - INFO - Chunking mode: semantic merge (threshold=0.95)
2025-11-24 13:26:41,578 - author_ai.pipelines.ingestion - INFO - Chunking mode: recursive splitter (max_chars=1200, overlap=200)
2025-11-24 13:26:41,826 - author_ai.pipelines.ingestion - INFO - Chunking mode: semantic merge (threshold=0.95)
2025-11-24 13:26:42,256 - author_ai.pipelines.ingestion - INFO - Chunking mode: semantic merge (threshold=0.95)
2025-11-24 13:26:42,787 - author_ai.pipelines.ingestion - INFO - Chunking mode: semantic merge (threshold=0.95)
2025-11-24 13:26:43,028 - author_ai.pipelines.ingestion - INFO - Chunking mode: semantic merge (threshold=0.95)
2025-11-24 13:26:43,538 - author_ai.pipelines.ingestion - INFO - Chunking mode: semantic merge (threshold=0.95)
2025-11-24 13:26:43,816 - author_ai.pipelines.ingestion - INFO - Chunking mode: semantic merge (threshold=0.95)
2025-11-24 13:26:44,192 - author_ai.pipelines.ingestion - INFO - Chunking mode: semantic merge (threshold=0.95)
2025-11-24 13:26:44,608 - author_ai.pipelines.ingestion - INFO - Chunking mode: semantic merge (threshold=0.95)
2025-11-24 13:26:44,896 - author_ai.pipelines.ingestion - INFO - Chunking mode: semantic merge (threshold=0.95)
2025-11-24 13:26:45,957 - author_ai.pipelines.ingestion - INFO - Chunking mode: semantic merge (threshold=0.95)
2025-11-24 13:26:46,468 - author_ai.pipelines.ingestion - INFO - Chunking mode: semantic merge (threshold=0.95)
2025-11-24 13:26:46,877 - author_ai.pipelines.ingestion - INFO - Chunking mode: semantic merge (threshold=0.95)
2025-11-24 13:26:47,494 - author_ai.pipelines.ingestion - INFO - Chunking mode: semantic merge (threshold=0.95)
2025-11-24 13:26:47,769 - author_ai.pipelines.ingestion - INFO - Chunking mode: semantic merge (threshold=0.95)
2025-11-24 13:26:48,261 - author_ai.pipelines.ingestion - INFO - Chunking mode: semantic merge (threshold=0.95)
2025-11-24 13:26:48,602 - author_ai.pipelines.ingestion - INFO - Chunking mode: semantic merge (threshold=0.95)
2025-11-24 13:26:49,142 - author_ai.pipelines.ingestion - INFO - Chunking mode: semantic merge (threshold=0.95)
2025-11-24 13:26:49,647 - author_ai.pipelines.ingestion - INFO - Chunking mode: semantic merge (threshold=0.95)
2025-11-24 13:26:50,151 - author_ai.pipelines.ingestion - INFO - Chunking mode: semantic merge (threshold=0.95)
2025-11-24 13:26:50,654 - author_ai.pipelines.ingestion - INFO - Chunking mode: semantic merge (threshold=0.95)
2025-11-24 13:26:51,166 - author_ai.pipelines.ingestion - INFO - Chunking mode: semantic merge (threshold=0.95)
2025-11-24 13:26:51,493 - author_ai.pipelines.ingestion - INFO - Chunking mode: semantic merge (threshold=0.95)
2025-11-24 13:26:51,892 - author_ai.pipelines.ingestion - INFO - Chunking mode: semantic merge (threshold=0.95)
2025-11-24 13:26:52,223 - author_ai.pipelines.ingestion - INFO - Chunking mode: semantic merge (threshold=0.95)
2025-11-24 13:26:52,603 - author_ai.pipelines.ingestion - INFO - Chunking mode: semantic merge (threshold=0.95)
2025-11-24 13:26:53,018 - author_ai.pipelines.ingestion - INFO - Chunking mode: semantic merge (threshold=0.95)
2025-11-24 13:26:53,465 - author_ai.pipelines.ingestion - INFO - Chunking mode: semantic merge (threshold=0.95)
2025-11-24 13:26:53,990 - author_ai.pipelines.ingestion - INFO - Chunking mode: semantic merge (threshold=0.95)
2025-11-24 13:26:54,559 - author_ai.pipelines.ingestion - INFO - Chunking mode: semantic merge (threshold=0.95)
2025-11-24 13:26:55,041 - author_ai.pipelines.ingestion - INFO - Chunking mode: semantic merge (threshold=0.95)
2025-11-24 13:26:55,632 - author_ai.pipelines.ingestion - INFO - Chunking mode: semantic merge (threshold=0.95)
2025-11-24 13:26:55,918 - author_ai.pipelines.ingestion - INFO - Chunking mode: semantic merge (threshold=0.95)
2025-11-24 13:26:56,818 - author_ai.pipelines.ingestion - INFO - Chunking mode: semantic merge (threshold=0.95)
2025-11-24 13:26:57,529 - author_ai.pipelines.ingestion - INFO - Chunking mode: semantic merge (threshold=0.95)
2025-11-24 13:26:57,878 - author_ai.pipelines.ingestion - INFO - Chunking mode: semantic merge (threshold=0.95)
2025-11-24 13:26:58,536 - author_ai.pipelines.ingestion - INFO - Chunking mode: semantic merge (threshold=0.95)
2025-11-24 13:26:59,068 - author_ai.pipelines.ingestion - INFO - Chunking mode: semantic merge (threshold=0.95)
2025-11-24 13:26:59,311 - author_ai.pipelines.ingestion - INFO - Chunking mode: semantic merge (threshold=0.95)
2025-11-24 13:26:59,616 - author_ai.pipelines.ingestion - INFO - Chunking mode: semantic merge (threshold=0.95)
2025-11-24 13:26:59,978 - author_ai.pipelines.ingestion - INFO - Chunking mode: semantic merge (threshold=0.95)
2025-11-24 13:27:01,131 - author_ai.pipelines.ingestion - INFO - Chunking mode: semantic merge (threshold=0.95)
2025-11-24 13:27:01,451 - author_ai.pipelines.ingestion - INFO - Chunking mode: semantic merge (threshold=0.95)
2025-11-24 13:27:02,036 - author_ai.pipelines.ingestion - INFO - Chunking mode: semantic merge (threshold=0.95)
2025-11-24 13:27:02,408 - author_ai.pipelines.ingestion - INFO - Chunking mode: semantic merge (threshold=0.95)
2025-11-24 13:27:02,793 - author_ai.pipelines.ingestion - INFO - Chunking mode: semantic merge (threshold=0.95)
2025-11-24 13:27:03,254 - author_ai.pipelines.ingestion - INFO - Chunking mode: semantic merge (threshold=0.95)
2025-11-24 13:27:03,536 - author_ai.pipelines.ingestion - INFO - Chunking mode: semantic merge (threshold=0.95)
2025-11-24 13:27:03,840 - author_ai.pipelines.ingestion - INFO - Chunking mode: semantic merge (threshold=0.95)
2025-11-24 13:27:04,165 - author_ai.pipelines.ingestion - INFO - Chunking mode: semantic merge (threshold=0.95)
2025-11-24 13:27:04,578 - author_ai.pipelines.ingestion - INFO - Chunking mode: semantic merge (threshold=0.95)
2025-11-24 13:27:06,496 - author_ai.pipelines.ingestion - INFO - Chunking mode: semantic merge (threshold=0.95)
2025-11-24 13:27:08,319 - author_ai.pipelines.ingestion - INFO - Chunking mode: semantic merge (threshold=0.95)
2025-11-24 13:27:09,581 - author_ai.pipelines.ingestion - INFO - Chunking mode: semantic merge (threshold=0.95)
2025-11-24 13:27:11,828 - author_ai.pipelines.ingestion - INFO - Chunking mode: semantic merge (threshold=0.95)
2025-11-24 13:27:13,238 - author_ai.pipelines.ingestion - INFO - Chunking mode: semantic merge (threshold=0.95)
2025-11-24 13:27:15,835 - author_ai.pipelines.ingestion - INFO - Chunking mode: semantic merge (threshold=0.95)
2025-11-24 13:27:17,238 - author_ai.pipelines.ingestion - INFO - Chunking mode: semantic merge (threshold=0.95)
2025-11-24 13:27:17,562 - author_ai.pipelines.ingestion - INFO - Chunking mode: semantic merge (threshold=0.95)
2025-11-24 13:27:18,000 - author_ai.pipelines.ingestion - INFO - Chunking mode: semantic merge (threshold=0.95)
2025-11-24 13:27:18,420 - author_ai.pipelines.ingestion - INFO - Chunking mode: semantic merge (threshold=0.95)
2025-11-24 13:27:18,716 - author_ai.pipelines.ingestion - INFO - Chunking mode: semantic merge (threshold=0.95)
2025-11-24 13:27:19,135 - author_ai.pipelines.ingestion - INFO - Chunking mode: semantic merge (threshold=0.95)
2025-11-24 13:27:19,136 - author_ai.pipelines.ingestion - INFO - Chunking mode: recursive splitter (max_chars=1200, overlap=200)
2025-11-24 13:27:19,573 - author_ai.pipelines.ingestion - INFO - Chunking mode: semantic merge (threshold=0.95)
2025-11-24 13:27:45,100 - author_ai.pipelines.accuracy - INFO - Indexed source /Users/vicentefeliu/Documents/author_ai/author_-accuracy.ai/backend/data/uploads/d4cd0c54-e676-4cb7-ad72-d877764dc6df/2024_Global_Wolrd_Hunger_Index.pdf with 2447 chunks
2025-11-24 13:27:45,185 - author_ai.pipelines.ingestion - INFO - Ingesting PDF /Users/vicentefeliu/Documents/author_ai/author_-accuracy.ai/backend/data/uploads/5c1a681d-259c-4c53-b6f6-7aefb6305fec/HH_Nov24-May25_FINAL.pdf
2025-11-24 13:27:49,597 - author_ai.services.table_extraction - INFO - Tabula extracted 58 tables from /Users/vicentefeliu/Documents/author_ai/author_-accuracy.ai/backend/data/uploads/5c1a681d-259c-4c53-b6f6-7aefb6305fec/HH_Nov24-May25_FINAL.pdf
2025-11-24 13:27:59,758 - author_ai.pipelines.ingestion - INFO - Chunking mode: semantic merge (threshold=0.95)
2025-11-24 13:28:00,165 - author_ai.pipelines.ingestion - INFO - Chunking mode: semantic merge (threshold=0.95)
2025-11-24 13:28:00,401 - author_ai.pipelines.ingestion - INFO - Chunking mode: semantic merge (threshold=0.95)
2025-11-24 13:28:00,812 - author_ai.pipelines.ingestion - INFO - Chunking mode: semantic merge (threshold=0.95)
2025-11-24 13:28:01,063 - author_ai.pipelines.ingestion - INFO - Chunking mode: semantic merge (threshold=0.95)
2025-11-24 13:28:01,330 - author_ai.pipelines.ingestion - INFO - Chunking mode: semantic merge (threshold=0.95)
2025-11-24 13:28:01,715 - author_ai.pipelines.ingestion - INFO - Chunking mode: semantic merge (threshold=0.95)
2025-11-24 13:28:02,207 - author_ai.pipelines.ingestion - INFO - Chunking mode: semantic merge (threshold=0.95)
2025-11-24 13:28:02,545 - author_ai.pipelines.ingestion - INFO - Chunking mode: semantic merge (threshold=0.95)
2025-11-24 13:28:03,167 - author_ai.pipelines.ingestion - INFO - Chunking mode: semantic merge (threshold=0.95)
2025-11-24 13:28:03,559 - author_ai.pipelines.ingestion - INFO - Chunking mode: semantic merge (threshold=0.95)
2025-11-24 13:28:03,842 - author_ai.pipelines.ingestion - INFO - Chunking mode: semantic merge (threshold=0.95)
2025-11-24 13:28:04,289 - author_ai.pipelines.ingestion - INFO - Chunking mode: semantic merge (threshold=0.95)
2025-11-24 13:28:04,716 - author_ai.pipelines.ingestion - INFO - Chunking mode: semantic merge (threshold=0.95)
2025-11-24 13:28:05,207 - author_ai.pipelines.ingestion - INFO - Chunking mode: semantic merge (threshold=0.95)
2025-11-24 13:28:05,489 - author_ai.pipelines.ingestion - INFO - Chunking mode: semantic merge (threshold=0.95)
2025-11-24 13:28:05,821 - author_ai.pipelines.ingestion - INFO - Chunking mode: semantic merge (threshold=0.95)
2025-11-24 13:28:06,236 - author_ai.pipelines.ingestion - INFO - Chunking mode: semantic merge (threshold=0.95)
2025-11-24 13:28:06,769 - author_ai.pipelines.ingestion - INFO - Chunking mode: semantic merge (threshold=0.95)
2025-11-24 13:28:07,154 - author_ai.pipelines.ingestion - INFO - Chunking mode: semantic merge (threshold=0.95)
2025-11-24 13:28:07,480 - author_ai.pipelines.ingestion - INFO - Chunking mode: semantic merge (threshold=0.95)
2025-11-24 13:28:07,872 - author_ai.pipelines.ingestion - INFO - Chunking mode: semantic merge (threshold=0.95)
2025-11-24 13:28:08,299 - author_ai.pipelines.ingestion - INFO - Chunking mode: semantic merge (threshold=0.95)
2025-11-24 13:28:08,605 - author_ai.pipelines.ingestion - INFO - Chunking mode: semantic merge (threshold=0.95)
2025-11-24 13:28:08,996 - author_ai.pipelines.ingestion - INFO - Chunking mode: semantic merge (threshold=0.95)
2025-11-24 13:28:09,302 - author_ai.pipelines.ingestion - INFO - Chunking mode: semantic merge (threshold=0.95)
2025-11-24 13:28:09,941 - author_ai.pipelines.ingestion - INFO - Chunking mode: semantic merge (threshold=0.95)
2025-11-24 13:28:10,392 - author_ai.pipelines.ingestion - INFO - Chunking mode: semantic merge (threshold=0.95)
2025-11-24 13:28:10,738 - author_ai.pipelines.ingestion - INFO - Chunking mode: semantic merge (threshold=0.95)
2025-11-24 13:28:11,054 - author_ai.pipelines.ingestion - INFO - Chunking mode: semantic merge (threshold=0.95)
2025-11-24 13:28:11,353 - author_ai.pipelines.ingestion - INFO - Chunking mode: semantic merge (threshold=0.95)
2025-11-24 13:28:11,864 - author_ai.pipelines.ingestion - INFO - Chunking mode: semantic merge (threshold=0.95)
2025-11-24 13:28:12,266 - author_ai.pipelines.ingestion - INFO - Chunking mode: semantic merge (threshold=0.95)
2025-11-24 13:28:12,686 - author_ai.pipelines.ingestion - INFO - Chunking mode: semantic merge (threshold=0.95)
2025-11-24 13:28:13,089 - author_ai.pipelines.ingestion - INFO - Chunking mode: semantic merge (threshold=0.95)
2025-11-24 13:28:13,503 - author_ai.pipelines.ingestion - INFO - Chunking mode: semantic merge (threshold=0.95)
2025-11-24 13:28:13,769 - author_ai.pipelines.ingestion - INFO - Chunking mode: semantic merge (threshold=0.95)
2025-11-24 13:28:13,977 - author_ai.pipelines.ingestion - INFO - Chunking mode: semantic merge (threshold=0.95)
2025-11-24 13:28:14,462 - author_ai.pipelines.ingestion - INFO - Chunking mode: semantic merge (threshold=0.95)
2025-11-24 13:28:14,948 - author_ai.pipelines.ingestion - INFO - Chunking mode: semantic merge (threshold=0.95)
2025-11-24 13:28:15,232 - author_ai.pipelines.ingestion - INFO - Chunking mode: semantic merge (threshold=0.95)
2025-11-24 13:28:16,746 - author_ai.pipelines.ingestion - INFO - Chunking mode: semantic merge (threshold=0.95)
2025-11-24 13:28:18,424 - author_ai.pipelines.ingestion - INFO - Chunking mode: semantic merge (threshold=0.95)
2025-11-24 13:28:19,391 - author_ai.pipelines.ingestion - INFO - Chunking mode: semantic merge (threshold=0.95)
2025-11-24 13:28:20,301 - author_ai.pipelines.ingestion - INFO - Chunking mode: semantic merge (threshold=0.95)
2025-11-24 13:28:21,231 - author_ai.pipelines.ingestion - INFO - Chunking mode: semantic merge (threshold=0.95)
2025-11-24 13:28:22,478 - author_ai.pipelines.ingestion - INFO - Chunking mode: semantic merge (threshold=0.95)
2025-11-24 13:28:23,745 - author_ai.pipelines.ingestion - INFO - Chunking mode: semantic merge (threshold=0.95)
2025-11-24 13:28:24,625 - author_ai.pipelines.ingestion - INFO - Chunking mode: semantic merge (threshold=0.95)
2025-11-24 13:28:25,631 - author_ai.pipelines.ingestion - INFO - Chunking mode: semantic merge (threshold=0.95)
2025-11-24 13:28:26,929 - author_ai.pipelines.ingestion - INFO - Chunking mode: semantic merge (threshold=0.95)
2025-11-24 13:28:27,736 - author_ai.pipelines.ingestion - INFO - Chunking mode: semantic merge (threshold=0.95)
2025-11-24 13:28:28,998 - author_ai.pipelines.ingestion - INFO - Chunking mode: semantic merge (threshold=0.95)
2025-11-24 13:28:30,383 - author_ai.pipelines.ingestion - INFO - Chunking mode: semantic merge (threshold=0.95)
2025-11-24 13:28:30,614 - author_ai.pipelines.ingestion - INFO - Chunking mode: semantic merge (threshold=0.95)
2025-11-24 13:28:31,083 - author_ai.pipelines.ingestion - INFO - Chunking mode: semantic merge (threshold=0.95)
2025-11-24 13:28:50,910 - author_ai.pipelines.accuracy - INFO - Indexed source /Users/vicentefeliu/Documents/author_ai/author_-accuracy.ai/backend/data/uploads/5c1a681d-259c-4c53-b6f6-7aefb6305fec/HH_Nov24-May25_FINAL.pdf with 2319 chunks
2025-11-24 13:28:51,702 - author_ai.pipelines.ingestion - INFO - Ingesting PDF /Users/vicentefeliu/Documents/author_ai/author_-accuracy.ai/backend/data/uploads/d6bd94d4-a822-4ad4-a88f-9aef79e8421e/World_Hunger_Fake.pdf
2025-11-24 13:28:52,702 - author_ai.services.table_extraction - INFO - Tabula extracted 4 tables from /Users/vicentefeliu/Documents/author_ai/author_-accuracy.ai/backend/data/uploads/d6bd94d4-a822-4ad4-a88f-9aef79e8421e/World_Hunger_Fake.pdf
2025-11-24 13:28:57,278 - author_ai.pipelines.ingestion - INFO - Chunking mode: semantic merge (threshold=0.95)
2025-11-24 13:28:57,789 - author_ai.pipelines.ingestion - INFO - Chunking mode: semantic merge (threshold=0.95)
2025-11-24 13:28:58,419 - author_ai.pipelines.ingestion - INFO - Chunking mode: semantic merge (threshold=0.95)
2025-11-24 13:28:58,420 - author_ai.pipelines.ingestion - INFO - Chunking mode: recursive splitter (max_chars=1200, overlap=200)
2025-11-24 13:30:19,842 - author_ai.pipelines.accuracy - INFO - Extracted 23 claims from /Users/vicentefeliu/Documents/author_ai/author_-accuracy.ai/backend/data/uploads/d6bd94d4-a822-4ad4-a88f-9aef79e8421e/World_Hunger_Fake.pdf
2025-11-24 13:30:19,843 - author_ai.pipelines.ingestion - INFO - Ingesting PDF /Users/vicentefeliu/Documents/author_ai/author_-accuracy.ai/backend/data/uploads/d6bd94d4-a822-4ad4-a88f-9aef79e8421e/World_Hunger_Fake.pdf
2025-11-24 13:30:20,437 - author_ai.services.table_extraction - INFO - Tabula extracted 4 tables from /Users/vicentefeliu/Documents/author_ai/author_-accuracy.ai/backend/data/uploads/d6bd94d4-a822-4ad4-a88f-9aef79e8421e/World_Hunger_Fake.pdf
2025-11-24 13:30:25,346 - author_ai.pipelines.ingestion - INFO - Chunking mode: semantic merge (threshold=0.95)
2025-11-24 13:30:25,893 - author_ai.pipelines.ingestion - INFO - Chunking mode: semantic merge (threshold=0.95)
2025-11-24 13:30:26,284 - author_ai.pipelines.ingestion - INFO - Chunking mode: semantic merge (threshold=0.95)
2025-11-24 13:30:26,285 - author_ai.pipelines.ingestion - INFO - Chunking mode: recursive splitter (max_chars=1200, overlap=200)
2025-11-24 13:37:52,111 - author_ai.services.environment - INFO - Cleared pipeline tables in /Users/vicentefeliu/Documents/author_ai/author_-accuracy.ai/backend/data/accuracy.db
2025-11-24 13:37:52,159 - author_ai.services.environment - INFO - Environment reset complete; pipeline state cleared.
2025-11-24 13:37:52,168 - author_ai.pipelines.ingestion - INFO - Ingesting PDF /Users/vicentefeliu/Documents/author_ai/author_-accuracy.ai/backend/data/uploads/ceebc3f2-fee1-45fe-b0af-2e10242dd2d7/2025_world_hunger.pdf
2025-11-24 13:37:55,992 - author_ai.services.table_extraction - INFO - Tabula extracted 20 tables from /Users/vicentefeliu/Documents/author_ai/author_-accuracy.ai/backend/data/uploads/ceebc3f2-fee1-45fe-b0af-2e10242dd2d7/2025_world_hunger.pdf
2025-11-24 13:38:00,966 - author_ai.pipelines.ingestion - INFO - Chunking mode: semantic merge (threshold=0.95)
2025-11-24 13:38:01,559 - author_ai.pipelines.ingestion - INFO - Chunking mode: semantic merge (threshold=0.95)
2025-11-24 13:38:02,220 - author_ai.pipelines.ingestion - INFO - Chunking mode: semantic merge (threshold=0.95)
2025-11-24 13:38:02,558 - author_ai.pipelines.ingestion - INFO - Chunking mode: semantic merge (threshold=0.95)
2025-11-24 13:38:03,035 - author_ai.pipelines.ingestion - INFO - Chunking mode: semantic merge (threshold=0.95)
2025-11-24 13:38:03,742 - author_ai.pipelines.ingestion - INFO - Chunking mode: semantic merge (threshold=0.95)
2025-11-24 13:38:04,277 - author_ai.pipelines.ingestion - INFO - Chunking mode: semantic merge (threshold=0.95)
2025-11-24 13:38:04,811 - author_ai.pipelines.ingestion - INFO - Chunking mode: semantic merge (threshold=0.95)
2025-11-24 13:38:06,384 - author_ai.pipelines.accuracy - INFO - Indexed source /Users/vicentefeliu/Documents/author_ai/author_-accuracy.ai/backend/data/uploads/ceebc3f2-fee1-45fe-b0af-2e10242dd2d7/2025_world_hunger.pdf with 182 chunks
2025-11-24 13:38:06,424 - author_ai.pipelines.ingestion - INFO - Ingesting PDF /Users/vicentefeliu/Documents/author_ai/author_-accuracy.ai/backend/data/uploads/f8e2d7bf-d39e-45ba-ab03-e554f1b61c37/disruptions_in_the_food_supply_chain.pdf
2025-11-24 13:38:09,087 - author_ai.services.table_extraction - INFO - Tabula extracted 23 tables from /Users/vicentefeliu/Documents/author_ai/author_-accuracy.ai/backend/data/uploads/f8e2d7bf-d39e-45ba-ab03-e554f1b61c37/disruptions_in_the_food_supply_chain.pdf
2025-11-24 13:38:13,820 - author_ai.pipelines.ingestion - INFO - Chunking mode: semantic merge (threshold=0.95)
2025-11-24 13:38:14,835 - author_ai.pipelines.ingestion - INFO - Chunking mode: semantic merge (threshold=0.95)
2025-11-24 13:38:15,724 - author_ai.pipelines.ingestion - INFO - Chunking mode: semantic merge (threshold=0.95)
2025-11-24 13:38:16,291 - author_ai.pipelines.ingestion - INFO - Chunking mode: semantic merge (threshold=0.95)
2025-11-24 13:38:16,656 - author_ai.pipelines.ingestion - INFO - Chunking mode: semantic merge (threshold=0.95)
2025-11-24 13:38:17,003 - author_ai.pipelines.ingestion - INFO - Chunking mode: semantic merge (threshold=0.95)
2025-11-24 13:38:17,458 - author_ai.pipelines.ingestion - INFO - Chunking mode: semantic merge (threshold=0.95)
2025-11-24 13:38:18,137 - author_ai.pipelines.ingestion - INFO - Chunking mode: semantic merge (threshold=0.95)
2025-11-24 13:38:18,763 - author_ai.pipelines.ingestion - INFO - Chunking mode: semantic merge (threshold=0.95)
2025-11-24 13:38:19,556 - author_ai.pipelines.ingestion - INFO - Chunking mode: semantic merge (threshold=0.95)
2025-11-24 13:38:20,514 - author_ai.pipelines.ingestion - INFO - Chunking mode: semantic merge (threshold=0.95)
2025-11-24 13:38:21,081 - author_ai.pipelines.ingestion - INFO - Chunking mode: semantic merge (threshold=0.95)
2025-11-24 13:38:21,371 - author_ai.pipelines.ingestion - INFO - Chunking mode: semantic merge (threshold=0.95)
2025-11-24 13:38:21,690 - author_ai.pipelines.ingestion - INFO - Chunking mode: semantic merge (threshold=0.95)
2025-11-24 13:38:22,246 - author_ai.pipelines.ingestion - INFO - Chunking mode: semantic merge (threshold=0.95)
2025-11-24 13:38:22,530 - author_ai.pipelines.ingestion - INFO - Chunking mode: semantic merge (threshold=0.95)
2025-11-24 13:38:23,230 - author_ai.pipelines.ingestion - INFO - Chunking mode: semantic merge (threshold=0.95)
2025-11-24 13:38:23,725 - author_ai.pipelines.ingestion - INFO - Chunking mode: semantic merge (threshold=0.95)
2025-11-24 13:38:25,688 - author_ai.pipelines.ingestion - INFO - Chunking mode: semantic merge (threshold=0.95)
2025-11-24 13:38:28,471 - author_ai.pipelines.ingestion - INFO - Chunking mode: semantic merge (threshold=0.95)
2025-11-24 13:38:31,490 - author_ai.pipelines.ingestion - INFO - Chunking mode: semantic merge (threshold=0.95)
2025-11-24 13:38:43,204 - author_ai.pipelines.accuracy - INFO - Indexed source /Users/vicentefeliu/Documents/author_ai/author_-accuracy.ai/backend/data/uploads/f8e2d7bf-d39e-45ba-ab03-e554f1b61c37/disruptions_in_the_food_supply_chain.pdf with 1214 chunks
2025-11-24 13:38:43,859 - author_ai.pipelines.ingestion - INFO - Ingesting PDF /Users/vicentefeliu/Documents/author_ai/author_-accuracy.ai/backend/data/uploads/d4cd0c54-e676-4cb7-ad72-d877764dc6df/2024_Global_Wolrd_Hunger_Index.pdf
2025-11-24 13:38:51,547 - author_ai.services.table_extraction - INFO - Tabula extracted 72 tables from /Users/vicentefeliu/Documents/author_ai/author_-accuracy.ai/backend/data/uploads/d4cd0c54-e676-4cb7-ad72-d877764dc6df/2024_Global_Wolrd_Hunger_Index.pdf
2025-11-24 13:38:56,998 - author_ai.pipelines.ingestion - INFO - Chunking mode: semantic merge (threshold=0.95)
2025-11-24 13:38:56,999 - author_ai.pipelines.ingestion - INFO - Chunking mode: recursive splitter (max_chars=1200, overlap=200)
2025-11-24 13:38:57,368 - author_ai.pipelines.ingestion - INFO - Chunking mode: semantic merge (threshold=0.95)
2025-11-24 13:38:57,673 - author_ai.pipelines.ingestion - INFO - Chunking mode: semantic merge (threshold=0.95)
2025-11-24 13:38:58,629 - author_ai.pipelines.ingestion - INFO - Chunking mode: semantic merge (threshold=0.95)
2025-11-24 13:38:59,003 - author_ai.pipelines.ingestion - INFO - Chunking mode: semantic merge (threshold=0.95)
2025-11-24 13:38:59,681 - author_ai.pipelines.ingestion - INFO - Chunking mode: semantic merge (threshold=0.95)
2025-11-24 13:39:00,034 - author_ai.pipelines.ingestion - INFO - Chunking mode: semantic merge (threshold=0.95)
2025-11-24 13:39:00,601 - author_ai.pipelines.ingestion - INFO - Chunking mode: semantic merge (threshold=0.95)
2025-11-24 13:39:01,193 - author_ai.pipelines.ingestion - INFO - Chunking mode: semantic merge (threshold=0.95)
2025-11-24 13:39:01,571 - author_ai.pipelines.ingestion - INFO - Chunking mode: semantic merge (threshold=0.95)
2025-11-24 13:39:01,984 - author_ai.pipelines.ingestion - INFO - Chunking mode: semantic merge (threshold=0.95)
2025-11-24 13:39:02,690 - author_ai.pipelines.ingestion - INFO - Chunking mode: semantic merge (threshold=0.95)
2025-11-24 13:39:03,122 - author_ai.pipelines.ingestion - INFO - Chunking mode: semantic merge (threshold=0.95)
2025-11-24 13:39:03,671 - author_ai.pipelines.ingestion - INFO - Chunking mode: semantic merge (threshold=0.95)
2025-11-24 13:39:03,967 - author_ai.pipelines.ingestion - INFO - Chunking mode: semantic merge (threshold=0.95)
2025-11-24 13:39:04,741 - author_ai.pipelines.ingestion - INFO - Chunking mode: semantic merge (threshold=0.95)
2025-11-24 13:39:05,161 - author_ai.pipelines.ingestion - INFO - Chunking mode: semantic merge (threshold=0.95)
2025-11-24 13:39:05,700 - author_ai.pipelines.ingestion - INFO - Chunking mode: semantic merge (threshold=0.95)
2025-11-24 13:39:06,250 - author_ai.pipelines.ingestion - INFO - Chunking mode: semantic merge (threshold=0.95)
2025-11-24 13:39:06,669 - author_ai.pipelines.ingestion - INFO - Chunking mode: semantic merge (threshold=0.95)
2025-11-24 13:39:07,353 - author_ai.pipelines.ingestion - INFO - Chunking mode: semantic merge (threshold=0.95)
2025-11-24 13:39:07,859 - author_ai.pipelines.ingestion - INFO - Chunking mode: semantic merge (threshold=0.95)
2025-11-24 13:39:08,191 - author_ai.pipelines.ingestion - INFO - Chunking mode: semantic merge (threshold=0.95)
2025-11-24 13:39:08,927 - author_ai.pipelines.ingestion - INFO - Chunking mode: semantic merge (threshold=0.95)
2025-11-24 13:39:09,239 - author_ai.pipelines.ingestion - INFO - Chunking mode: semantic merge (threshold=0.95)
2025-11-24 13:39:09,721 - author_ai.pipelines.ingestion - INFO - Chunking mode: semantic merge (threshold=0.95)
2025-11-24 13:39:10,433 - author_ai.pipelines.ingestion - INFO - Chunking mode: semantic merge (threshold=0.95)
2025-11-24 13:39:11,656 - author_ai.pipelines.ingestion - INFO - Chunking mode: semantic merge (threshold=0.95)
2025-11-24 13:39:12,310 - author_ai.pipelines.ingestion - INFO - Chunking mode: semantic merge (threshold=0.95)
2025-11-24 13:39:12,807 - author_ai.pipelines.ingestion - INFO - Chunking mode: semantic merge (threshold=0.95)
2025-11-24 13:39:13,325 - author_ai.pipelines.ingestion - INFO - Chunking mode: semantic merge (threshold=0.95)
2025-11-24 13:39:14,037 - author_ai.pipelines.ingestion - INFO - Chunking mode: semantic merge (threshold=0.95)
2025-11-24 13:39:14,367 - author_ai.pipelines.ingestion - INFO - Chunking mode: semantic merge (threshold=0.95)
2025-11-24 13:39:14,871 - author_ai.pipelines.ingestion - INFO - Chunking mode: semantic merge (threshold=0.95)
2025-11-24 13:39:15,277 - author_ai.pipelines.ingestion - INFO - Chunking mode: semantic merge (threshold=0.95)
2025-11-24 13:39:16,106 - author_ai.pipelines.ingestion - INFO - Chunking mode: semantic merge (threshold=0.95)
2025-11-24 13:39:16,427 - author_ai.pipelines.ingestion - INFO - Chunking mode: semantic merge (threshold=0.95)
2025-11-24 13:39:17,057 - author_ai.pipelines.ingestion - INFO - Chunking mode: semantic merge (threshold=0.95)
2025-11-24 13:39:17,283 - author_ai.pipelines.ingestion - INFO - Chunking mode: semantic merge (threshold=0.95)
2025-11-24 13:39:17,792 - author_ai.pipelines.ingestion - INFO - Chunking mode: semantic merge (threshold=0.95)
2025-11-24 13:39:18,544 - author_ai.pipelines.ingestion - INFO - Chunking mode: semantic merge (threshold=0.95)
2025-11-24 13:39:19,195 - author_ai.pipelines.ingestion - INFO - Chunking mode: semantic merge (threshold=0.95)
2025-11-24 13:39:19,708 - author_ai.pipelines.ingestion - INFO - Chunking mode: semantic merge (threshold=0.95)
2025-11-24 13:39:20,375 - author_ai.pipelines.ingestion - INFO - Chunking mode: semantic merge (threshold=0.95)
2025-11-24 13:39:20,820 - author_ai.pipelines.ingestion - INFO - Chunking mode: semantic merge (threshold=0.95)
2025-11-24 13:39:21,388 - author_ai.pipelines.ingestion - INFO - Chunking mode: semantic merge (threshold=0.95)
2025-11-24 13:39:21,900 - author_ai.pipelines.ingestion - INFO - Chunking mode: semantic merge (threshold=0.95)
2025-11-24 13:39:22,247 - author_ai.pipelines.ingestion - INFO - Chunking mode: semantic merge (threshold=0.95)
2025-11-24 13:39:22,630 - author_ai.pipelines.ingestion - INFO - Chunking mode: semantic merge (threshold=0.95)
2025-11-24 13:39:22,978 - author_ai.pipelines.ingestion - INFO - Chunking mode: semantic merge (threshold=0.95)
2025-11-24 13:39:23,286 - author_ai.pipelines.ingestion - INFO - Chunking mode: semantic merge (threshold=0.95)
2025-11-24 13:39:26,404 - author_ai.pipelines.ingestion - INFO - Chunking mode: semantic merge (threshold=0.95)
2025-11-24 13:39:28,799 - author_ai.pipelines.ingestion - INFO - Chunking mode: semantic merge (threshold=0.95)
2025-11-24 13:39:30,138 - author_ai.pipelines.ingestion - INFO - Chunking mode: semantic merge (threshold=0.95)
2025-11-24 13:39:32,162 - author_ai.pipelines.ingestion - INFO - Chunking mode: semantic merge (threshold=0.95)
2025-11-24 13:39:34,303 - author_ai.pipelines.ingestion - INFO - Chunking mode: semantic merge (threshold=0.95)
2025-11-24 13:39:36,965 - author_ai.pipelines.ingestion - INFO - Chunking mode: semantic merge (threshold=0.95)
2025-11-24 13:39:38,764 - author_ai.pipelines.ingestion - INFO - Chunking mode: semantic merge (threshold=0.95)
2025-11-24 13:39:39,228 - author_ai.pipelines.ingestion - INFO - Chunking mode: semantic merge (threshold=0.95)
2025-11-24 13:39:39,531 - author_ai.pipelines.ingestion - INFO - Chunking mode: semantic merge (threshold=0.95)
2025-11-24 13:39:39,942 - author_ai.pipelines.ingestion - INFO - Chunking mode: semantic merge (threshold=0.95)
2025-11-24 13:39:40,262 - author_ai.pipelines.ingestion - INFO - Chunking mode: semantic merge (threshold=0.95)
2025-11-24 13:39:40,710 - author_ai.pipelines.ingestion - INFO - Chunking mode: semantic merge (threshold=0.95)
2025-11-24 13:39:40,711 - author_ai.pipelines.ingestion - INFO - Chunking mode: recursive splitter (max_chars=1200, overlap=200)
2025-11-24 13:39:41,098 - author_ai.pipelines.ingestion - INFO - Chunking mode: semantic merge (threshold=0.95)
2025-11-24 13:40:03,964 - author_ai.pipelines.accuracy - INFO - Indexed source /Users/vicentefeliu/Documents/author_ai/author_-accuracy.ai/backend/data/uploads/d4cd0c54-e676-4cb7-ad72-d877764dc6df/2024_Global_Wolrd_Hunger_Index.pdf with 2447 chunks
2025-11-24 13:40:04,043 - author_ai.pipelines.ingestion - INFO - Ingesting PDF /Users/vicentefeliu/Documents/author_ai/author_-accuracy.ai/backend/data/uploads/5c1a681d-259c-4c53-b6f6-7aefb6305fec/HH_Nov24-May25_FINAL.pdf
2025-11-24 13:40:08,128 - author_ai.services.table_extraction - INFO - Tabula extracted 58 tables from /Users/vicentefeliu/Documents/author_ai/author_-accuracy.ai/backend/data/uploads/5c1a681d-259c-4c53-b6f6-7aefb6305fec/HH_Nov24-May25_FINAL.pdf
2025-11-24 13:40:13,138 - author_ai.pipelines.ingestion - INFO - Chunking mode: semantic merge (threshold=0.95)
2025-11-24 13:40:13,532 - author_ai.pipelines.ingestion - INFO - Chunking mode: semantic merge (threshold=0.95)
2025-11-24 13:40:13,932 - author_ai.pipelines.ingestion - INFO - Chunking mode: semantic merge (threshold=0.95)
2025-11-24 13:40:14,688 - author_ai.pipelines.ingestion - INFO - Chunking mode: semantic merge (threshold=0.95)
2025-11-24 13:40:14,991 - author_ai.pipelines.ingestion - INFO - Chunking mode: semantic merge (threshold=0.95)
2025-11-24 13:40:15,303 - author_ai.pipelines.ingestion - INFO - Chunking mode: semantic merge (threshold=0.95)
2025-11-24 13:40:15,754 - author_ai.pipelines.ingestion - INFO - Chunking mode: semantic merge (threshold=0.95)
2025-11-24 13:40:16,085 - author_ai.pipelines.ingestion - INFO - Chunking mode: semantic merge (threshold=0.95)
2025-11-24 13:40:16,634 - author_ai.pipelines.ingestion - INFO - Chunking mode: semantic merge (threshold=0.95)
2025-11-24 13:40:17,147 - author_ai.pipelines.ingestion - INFO - Chunking mode: semantic merge (threshold=0.95)
2025-11-24 13:40:17,548 - author_ai.pipelines.ingestion - INFO - Chunking mode: semantic merge (threshold=0.95)
2025-11-24 13:40:17,969 - author_ai.pipelines.ingestion - INFO - Chunking mode: semantic merge (threshold=0.95)
2025-11-24 13:40:18,293 - author_ai.pipelines.ingestion - INFO - Chunking mode: semantic merge (threshold=0.95)
2025-11-24 13:40:18,953 - author_ai.pipelines.ingestion - INFO - Chunking mode: semantic merge (threshold=0.95)
2025-11-24 13:40:19,235 - author_ai.pipelines.ingestion - INFO - Chunking mode: semantic merge (threshold=0.95)
2025-11-24 13:40:19,691 - author_ai.pipelines.ingestion - INFO - Chunking mode: semantic merge (threshold=0.95)
2025-11-24 13:40:20,061 - author_ai.pipelines.ingestion - INFO - Chunking mode: semantic merge (threshold=0.95)
2025-11-24 13:40:20,520 - author_ai.pipelines.ingestion - INFO - Chunking mode: semantic merge (threshold=0.95)
2025-11-24 13:40:21,352 - author_ai.pipelines.ingestion - INFO - Chunking mode: semantic merge (threshold=0.95)
2025-11-24 13:40:21,752 - author_ai.pipelines.ingestion - INFO - Chunking mode: semantic merge (threshold=0.95)
2025-11-24 13:40:22,269 - author_ai.pipelines.ingestion - INFO - Chunking mode: semantic merge (threshold=0.95)
2025-11-24 13:40:22,676 - author_ai.pipelines.ingestion - INFO - Chunking mode: semantic merge (threshold=0.95)
2025-11-24 13:40:23,088 - author_ai.pipelines.ingestion - INFO - Chunking mode: semantic merge (threshold=0.95)
2025-11-24 13:40:23,432 - author_ai.pipelines.ingestion - INFO - Chunking mode: semantic merge (threshold=0.95)
2025-11-24 13:40:23,803 - author_ai.pipelines.ingestion - INFO - Chunking mode: semantic merge (threshold=0.95)
2025-11-24 13:40:24,221 - author_ai.pipelines.ingestion - INFO - Chunking mode: semantic merge (threshold=0.95)
2025-11-24 13:40:24,571 - author_ai.pipelines.ingestion - INFO - Chunking mode: semantic merge (threshold=0.95)
2025-11-24 13:40:25,129 - author_ai.pipelines.ingestion - INFO - Chunking mode: semantic merge (threshold=0.95)
2025-11-24 13:40:25,592 - author_ai.pipelines.ingestion - INFO - Chunking mode: semantic merge (threshold=0.95)
2025-11-24 13:40:26,052 - author_ai.pipelines.ingestion - INFO - Chunking mode: semantic merge (threshold=0.95)
2025-11-24 13:40:26,464 - author_ai.pipelines.ingestion - INFO - Chunking mode: semantic merge (threshold=0.95)
2025-11-24 13:40:26,774 - author_ai.pipelines.ingestion - INFO - Chunking mode: semantic merge (threshold=0.95)
2025-11-24 13:40:27,172 - author_ai.pipelines.ingestion - INFO - Chunking mode: semantic merge (threshold=0.95)
2025-11-24 13:40:27,703 - author_ai.pipelines.ingestion - INFO - Chunking mode: semantic merge (threshold=0.95)
2025-11-24 13:40:28,196 - author_ai.pipelines.ingestion - INFO - Chunking mode: semantic merge (threshold=0.95)
2025-11-24 13:40:28,720 - author_ai.pipelines.ingestion - INFO - Chunking mode: semantic merge (threshold=0.95)
2025-11-24 13:40:29,197 - author_ai.pipelines.ingestion - INFO - Chunking mode: semantic merge (threshold=0.95)
2025-11-24 13:40:29,521 - author_ai.pipelines.ingestion - INFO - Chunking mode: semantic merge (threshold=0.95)
2025-11-24 13:40:30,367 - author_ai.pipelines.ingestion - INFO - Chunking mode: semantic merge (threshold=0.95)
2025-11-24 13:40:30,956 - author_ai.pipelines.ingestion - INFO - Chunking mode: semantic merge (threshold=0.95)
2025-11-24 13:40:31,309 - author_ai.pipelines.ingestion - INFO - Chunking mode: semantic merge (threshold=0.95)
2025-11-24 13:40:33,158 - author_ai.pipelines.ingestion - INFO - Chunking mode: semantic merge (threshold=0.95)
2025-11-24 13:40:34,997 - author_ai.pipelines.ingestion - INFO - Chunking mode: semantic merge (threshold=0.95)
2025-11-24 13:40:36,591 - author_ai.pipelines.ingestion - INFO - Chunking mode: semantic merge (threshold=0.95)
2025-11-24 13:40:37,819 - author_ai.pipelines.ingestion - INFO - Chunking mode: semantic merge (threshold=0.95)
2025-11-24 13:40:38,863 - author_ai.pipelines.ingestion - INFO - Chunking mode: semantic merge (threshold=0.95)
2025-11-24 13:40:40,345 - author_ai.pipelines.ingestion - INFO - Chunking mode: semantic merge (threshold=0.95)
2025-11-24 13:40:42,191 - author_ai.pipelines.ingestion - INFO - Chunking mode: semantic merge (threshold=0.95)
2025-11-24 13:40:43,642 - author_ai.pipelines.ingestion - INFO - Chunking mode: semantic merge (threshold=0.95)
2025-11-24 13:40:44,836 - author_ai.pipelines.ingestion - INFO - Chunking mode: semantic merge (threshold=0.95)
2025-11-24 13:40:47,362 - author_ai.pipelines.ingestion - INFO - Chunking mode: semantic merge (threshold=0.95)
2025-11-24 13:40:48,622 - author_ai.pipelines.ingestion - INFO - Chunking mode: semantic merge (threshold=0.95)
2025-11-24 13:40:50,042 - author_ai.pipelines.ingestion - INFO - Chunking mode: semantic merge (threshold=0.95)
2025-11-24 13:40:51,289 - author_ai.pipelines.ingestion - INFO - Chunking mode: semantic merge (threshold=0.95)
2025-11-24 13:40:51,568 - author_ai.pipelines.ingestion - INFO - Chunking mode: semantic merge (threshold=0.95)
2025-11-24 13:40:51,952 - author_ai.pipelines.ingestion - INFO - Chunking mode: semantic merge (threshold=0.95)
2025-11-24 13:41:14,159 - author_ai.pipelines.accuracy - INFO - Indexed source /Users/vicentefeliu/Documents/author_ai/author_-accuracy.ai/backend/data/uploads/5c1a681d-259c-4c53-b6f6-7aefb6305fec/HH_Nov24-May25_FINAL.pdf with 2319 chunks
2025-11-24 13:41:14,932 - author_ai.pipelines.ingestion - INFO - Ingesting PDF /Users/vicentefeliu/Documents/author_ai/author_-accuracy.ai/backend/data/uploads/d6bd94d4-a822-4ad4-a88f-9aef79e8421e/World_Hunger_Fake.pdf
2025-11-24 13:41:15,401 - author_ai.services.table_extraction - INFO - Tabula extracted 4 tables from /Users/vicentefeliu/Documents/author_ai/author_-accuracy.ai/backend/data/uploads/d6bd94d4-a822-4ad4-a88f-9aef79e8421e/World_Hunger_Fake.pdf
2025-11-24 13:41:19,135 - author_ai.pipelines.ingestion - INFO - Chunking mode: semantic merge (threshold=0.95)
2025-11-24 13:41:19,680 - author_ai.pipelines.ingestion - INFO - Chunking mode: semantic merge (threshold=0.95)
2025-11-24 13:41:20,191 - author_ai.pipelines.ingestion - INFO - Chunking mode: semantic merge (threshold=0.95)
2025-11-24 13:41:20,192 - author_ai.pipelines.ingestion - INFO - Chunking mode: recursive splitter (max_chars=1200, overlap=200)
2025-11-24 13:42:29,517 - author_ai.pipelines.accuracy - INFO - Extracted 23 claims from /Users/vicentefeliu/Documents/author_ai/author_-accuracy.ai/backend/data/uploads/d6bd94d4-a822-4ad4-a88f-9aef79e8421e/World_Hunger_Fake.pdf
2025-11-24 13:42:29,518 - author_ai.pipelines.ingestion - INFO - Ingesting PDF /Users/vicentefeliu/Documents/author_ai/author_-accuracy.ai/backend/data/uploads/d6bd94d4-a822-4ad4-a88f-9aef79e8421e/World_Hunger_Fake.pdf
2025-11-24 13:42:29,944 - author_ai.services.table_extraction - INFO - Tabula extracted 4 tables from /Users/vicentefeliu/Documents/author_ai/author_-accuracy.ai/backend/data/uploads/d6bd94d4-a822-4ad4-a88f-9aef79e8421e/World_Hunger_Fake.pdf
2025-11-24 13:42:33,459 - author_ai.pipelines.ingestion - INFO - Chunking mode: semantic merge (threshold=0.95)
2025-11-24 13:42:33,929 - author_ai.pipelines.ingestion - INFO - Chunking mode: semantic merge (threshold=0.95)
2025-11-24 13:42:34,254 - author_ai.pipelines.ingestion - INFO - Chunking mode: semantic merge (threshold=0.95)
2025-11-24 13:42:34,255 - author_ai.pipelines.ingestion - INFO - Chunking mode: recursive splitter (max_chars=1200, overlap=200)
2025-11-24 13:45:40,187 - author_ai.services.environment - INFO - Cleared pipeline tables in /Users/vicentefeliu/Documents/author_ai/author_-accuracy.ai/backend/data/accuracy.db
2025-11-24 13:45:40,237 - author_ai.services.environment - INFO - Environment reset complete; pipeline state cleared.
2025-11-24 13:45:40,247 - author_ai.pipelines.ingestion - INFO - Ingesting PDF /Users/vicentefeliu/Documents/author_ai/author_-accuracy.ai/backend/data/uploads/ceebc3f2-fee1-45fe-b0af-2e10242dd2d7/2025_world_hunger.pdf
2025-11-24 13:45:44,696 - author_ai.services.table_extraction - INFO - Tabula extracted 20 tables from /Users/vicentefeliu/Documents/author_ai/author_-accuracy.ai/backend/data/uploads/ceebc3f2-fee1-45fe-b0af-2e10242dd2d7/2025_world_hunger.pdf
2025-11-24 13:45:50,240 - author_ai.pipelines.ingestion - INFO - Chunking mode: semantic merge (threshold=0.95)
2025-11-24 13:45:50,635 - author_ai.pipelines.ingestion - INFO - Chunking mode: semantic merge (threshold=0.95)
2025-11-24 13:45:51,071 - author_ai.pipelines.ingestion - INFO - Chunking mode: semantic merge (threshold=0.95)
2025-11-24 13:45:51,439 - author_ai.pipelines.ingestion - INFO - Chunking mode: semantic merge (threshold=0.95)
2025-11-24 13:45:51,863 - author_ai.pipelines.ingestion - INFO - Chunking mode: semantic merge (threshold=0.95)
2025-11-24 13:45:52,226 - author_ai.pipelines.ingestion - INFO - Chunking mode: semantic merge (threshold=0.95)
2025-11-24 13:45:52,595 - author_ai.pipelines.ingestion - INFO - Chunking mode: semantic merge (threshold=0.95)
2025-11-24 13:45:53,143 - author_ai.pipelines.ingestion - INFO - Chunking mode: semantic merge (threshold=0.95)
2025-11-24 13:45:54,626 - author_ai.pipelines.accuracy - INFO - Indexed source /Users/vicentefeliu/Documents/author_ai/author_-accuracy.ai/backend/data/uploads/ceebc3f2-fee1-45fe-b0af-2e10242dd2d7/2025_world_hunger.pdf with 182 chunks
2025-11-24 13:45:54,664 - author_ai.pipelines.ingestion - INFO - Ingesting PDF /Users/vicentefeliu/Documents/author_ai/author_-accuracy.ai/backend/data/uploads/f8e2d7bf-d39e-45ba-ab03-e554f1b61c37/disruptions_in_the_food_supply_chain.pdf
2025-11-24 13:45:57,667 - author_ai.services.table_extraction - INFO - Tabula extracted 23 tables from /Users/vicentefeliu/Documents/author_ai/author_-accuracy.ai/backend/data/uploads/f8e2d7bf-d39e-45ba-ab03-e554f1b61c37/disruptions_in_the_food_supply_chain.pdf
2025-11-24 13:46:02,676 - author_ai.pipelines.ingestion - INFO - Chunking mode: semantic merge (threshold=0.95)
2025-11-24 13:46:03,159 - author_ai.pipelines.ingestion - INFO - Chunking mode: semantic merge (threshold=0.95)
2025-11-24 13:46:03,507 - author_ai.pipelines.ingestion - INFO - Chunking mode: semantic merge (threshold=0.95)
2025-11-24 13:46:03,966 - author_ai.pipelines.ingestion - INFO - Chunking mode: semantic merge (threshold=0.95)
2025-11-24 13:46:04,256 - author_ai.pipelines.ingestion - INFO - Chunking mode: semantic merge (threshold=0.95)
2025-11-24 13:46:04,556 - author_ai.pipelines.ingestion - INFO - Chunking mode: semantic merge (threshold=0.95)
2025-11-24 13:46:04,980 - author_ai.pipelines.ingestion - INFO - Chunking mode: semantic merge (threshold=0.95)
2025-11-24 13:46:05,719 - author_ai.pipelines.ingestion - INFO - Chunking mode: semantic merge (threshold=0.95)
2025-11-24 13:46:06,127 - author_ai.pipelines.ingestion - INFO - Chunking mode: semantic merge (threshold=0.95)
2025-11-24 13:46:06,853 - author_ai.pipelines.ingestion - INFO - Chunking mode: semantic merge (threshold=0.95)
2025-11-24 13:46:07,655 - author_ai.pipelines.ingestion - INFO - Chunking mode: semantic merge (threshold=0.95)
2025-11-24 13:46:08,023 - author_ai.pipelines.ingestion - INFO - Chunking mode: semantic merge (threshold=0.95)
2025-11-24 13:46:08,574 - author_ai.pipelines.ingestion - INFO - Chunking mode: semantic merge (threshold=0.95)
2025-11-24 13:46:08,881 - author_ai.pipelines.ingestion - INFO - Chunking mode: semantic merge (threshold=0.95)
2025-11-24 13:46:09,304 - author_ai.pipelines.ingestion - INFO - Chunking mode: semantic merge (threshold=0.95)
2025-11-24 13:46:09,698 - author_ai.pipelines.ingestion - INFO - Chunking mode: semantic merge (threshold=0.95)
2025-11-24 13:46:10,514 - author_ai.pipelines.ingestion - INFO - Chunking mode: semantic merge (threshold=0.95)
2025-11-24 13:46:11,065 - author_ai.pipelines.ingestion - INFO - Chunking mode: semantic merge (threshold=0.95)
2025-11-24 13:46:12,523 - author_ai.pipelines.ingestion - INFO - Chunking mode: semantic merge (threshold=0.95)
2025-11-24 13:46:14,555 - author_ai.pipelines.ingestion - INFO - Chunking mode: semantic merge (threshold=0.95)
2025-11-24 13:46:16,828 - author_ai.pipelines.ingestion - INFO - Chunking mode: semantic merge (threshold=0.95)
2025-11-24 13:46:27,234 - author_ai.pipelines.accuracy - INFO - Indexed source /Users/vicentefeliu/Documents/author_ai/author_-accuracy.ai/backend/data/uploads/f8e2d7bf-d39e-45ba-ab03-e554f1b61c37/disruptions_in_the_food_supply_chain.pdf with 1214 chunks
2025-11-24 13:46:28,142 - author_ai.pipelines.ingestion - INFO - Ingesting PDF /Users/vicentefeliu/Documents/author_ai/author_-accuracy.ai/backend/data/uploads/d4cd0c54-e676-4cb7-ad72-d877764dc6df/2024_Global_Wolrd_Hunger_Index.pdf
2025-11-24 13:52:36,697 - author_ai.services.table_extraction - INFO - Tabula extracted 72 tables from /Users/vicentefeliu/Documents/author_ai/author_-accuracy.ai/backend/data/uploads/d4cd0c54-e676-4cb7-ad72-d877764dc6df/2024_Global_Wolrd_Hunger_Index.pdf
2025-11-24 13:52:41,149 - author_ai.services.summarizer - WARNING - LLM summary failed, falling back to heuristic summary: Connection error.
2025-11-24 13:52:41,150 - author_ai.services.summarizer - INFO - Summarizer using heuristic fallback for text length 4000
2025-11-24 13:52:42,511 - author_ai.pipelines.ingestion - INFO - Chunking mode: recursive splitter (max_chars=1200, overlap=200)
2025-11-24 13:52:42,512 - author_ai.pipelines.ingestion - INFO - Chunking mode: recursive splitter (max_chars=1200, overlap=200)
2025-11-24 13:52:43,765 - author_ai.pipelines.ingestion - INFO - Chunking mode: recursive splitter (max_chars=1200, overlap=200)
2025-11-24 13:52:45,242 - author_ai.pipelines.ingestion - INFO - Chunking mode: recursive splitter (max_chars=1200, overlap=200)
2025-11-24 13:52:46,683 - author_ai.pipelines.ingestion - INFO - Chunking mode: recursive splitter (max_chars=1200, overlap=200)
2025-11-24 13:52:48,140 - author_ai.pipelines.ingestion - INFO - Chunking mode: recursive splitter (max_chars=1200, overlap=200)
2025-11-24 13:52:49,618 - author_ai.pipelines.ingestion - INFO - Chunking mode: recursive splitter (max_chars=1200, overlap=200)
2025-11-24 13:52:50,915 - author_ai.pipelines.ingestion - INFO - Chunking mode: recursive splitter (max_chars=1200, overlap=200)
2025-11-24 13:52:52,128 - author_ai.pipelines.ingestion - INFO - Chunking mode: recursive splitter (max_chars=1200, overlap=200)
2025-11-24 13:52:53,630 - author_ai.pipelines.ingestion - INFO - Chunking mode: recursive splitter (max_chars=1200, overlap=200)
2025-11-24 13:53:47,829 - author_ai.pipelines.ingestion - INFO - Chunking mode: recursive splitter (max_chars=1200, overlap=200)
2025-11-24 13:53:49,129 - author_ai.pipelines.ingestion - INFO - Chunking mode: recursive splitter (max_chars=1200, overlap=200)
2025-11-24 13:53:50,555 - author_ai.pipelines.ingestion - INFO - Chunking mode: recursive splitter (max_chars=1200, overlap=200)
2025-11-24 13:53:51,816 - author_ai.pipelines.ingestion - INFO - Chunking mode: recursive splitter (max_chars=1200, overlap=200)
2025-11-24 13:53:53,048 - author_ai.pipelines.ingestion - INFO - Chunking mode: recursive splitter (max_chars=1200, overlap=200)
2025-11-24 13:53:54,257 - author_ai.pipelines.ingestion - INFO - Chunking mode: recursive splitter (max_chars=1200, overlap=200)
2025-11-24 13:53:55,649 - author_ai.pipelines.ingestion - INFO - Chunking mode: recursive splitter (max_chars=1200, overlap=200)
2025-11-24 13:53:57,066 - author_ai.pipelines.ingestion - INFO - Chunking mode: recursive splitter (max_chars=1200, overlap=200)
2025-11-24 13:53:58,536 - author_ai.pipelines.ingestion - INFO - Chunking mode: recursive splitter (max_chars=1200, overlap=200)
2025-11-24 13:54:02,967 - author_ai.pipelines.ingestion - INFO - Chunking mode: semantic merge (threshold=0.95)
2025-11-24 13:54:04,103 - author_ai.pipelines.ingestion - INFO - Chunking mode: semantic merge (threshold=0.95)
2025-11-24 13:54:04,612 - author_ai.pipelines.ingestion - INFO - Chunking mode: semantic merge (threshold=0.95)
2025-11-24 13:54:05,140 - author_ai.pipelines.ingestion - INFO - Chunking mode: semantic merge (threshold=0.95)
2025-11-24 13:54:05,492 - author_ai.pipelines.ingestion - INFO - Chunking mode: semantic merge (threshold=0.95)
2025-11-24 13:54:05,963 - author_ai.pipelines.ingestion - INFO - Chunking mode: semantic merge (threshold=0.95)
2025-11-24 13:54:06,186 - author_ai.pipelines.ingestion - INFO - Chunking mode: semantic merge (threshold=0.95)
2025-11-24 13:54:06,763 - author_ai.pipelines.ingestion - INFO - Chunking mode: semantic merge (threshold=0.95)
2025-11-24 13:54:07,379 - author_ai.pipelines.ingestion - INFO - Chunking mode: semantic merge (threshold=0.95)
2025-11-24 13:54:08,095 - author_ai.pipelines.ingestion - INFO - Chunking mode: semantic merge (threshold=0.95)
2025-11-24 13:54:08,805 - author_ai.pipelines.ingestion - INFO - Chunking mode: semantic merge (threshold=0.95)
2025-11-24 13:54:09,169 - author_ai.pipelines.ingestion - INFO - Chunking mode: semantic merge (threshold=0.95)
2025-11-24 13:54:10,307 - author_ai.pipelines.ingestion - INFO - Chunking mode: semantic merge (threshold=0.95)
2025-11-24 13:54:11,057 - author_ai.pipelines.ingestion - INFO - Chunking mode: semantic merge (threshold=0.95)
2025-11-24 13:54:11,620 - author_ai.pipelines.ingestion - INFO - Chunking mode: semantic merge (threshold=0.95)
2025-11-24 16:11:30,220 - author_ai.pipelines.ingestion - INFO - Chunking mode: semantic merge (threshold=0.95)
2025-11-24 16:11:31,289 - author_ai.pipelines.ingestion - INFO - Chunking mode: semantic merge (threshold=0.95)
2025-11-24 16:11:32,653 - author_ai.pipelines.ingestion - INFO - Chunking mode: semantic merge (threshold=0.95)
2025-11-24 16:11:32,884 - author_ai.pipelines.ingestion - INFO - Chunking mode: semantic merge (threshold=0.95)
2025-11-24 16:11:34,194 - author_ai.pipelines.ingestion - INFO - Chunking mode: semantic merge (threshold=0.95)
2025-11-24 16:11:34,471 - author_ai.pipelines.ingestion - INFO - Chunking mode: semantic merge (threshold=0.95)
2025-11-24 16:11:34,767 - author_ai.pipelines.ingestion - INFO - Chunking mode: semantic merge (threshold=0.95)
2025-11-24 16:11:35,625 - author_ai.pipelines.ingestion - INFO - Chunking mode: semantic merge (threshold=0.95)
2025-11-24 16:11:36,124 - author_ai.pipelines.ingestion - INFO - Chunking mode: semantic merge (threshold=0.95)
2025-11-24 16:11:36,585 - author_ai.pipelines.ingestion - INFO - Chunking mode: semantic merge (threshold=0.95)
2025-11-24 16:11:36,918 - author_ai.pipelines.ingestion - INFO - Chunking mode: semantic merge (threshold=0.95)
2025-11-24 16:11:37,277 - author_ai.pipelines.ingestion - INFO - Chunking mode: semantic merge (threshold=0.95)
2025-11-24 16:11:37,829 - author_ai.pipelines.ingestion - INFO - Chunking mode: semantic merge (threshold=0.95)
2025-11-24 16:11:38,891 - author_ai.pipelines.ingestion - INFO - Chunking mode: semantic merge (threshold=0.95)
2025-11-24 16:11:39,696 - author_ai.pipelines.ingestion - INFO - Chunking mode: semantic merge (threshold=0.95)
2025-11-24 16:11:40,012 - author_ai.pipelines.ingestion - INFO - Chunking mode: semantic merge (threshold=0.95)
2025-11-24 16:11:40,427 - author_ai.pipelines.ingestion - INFO - Chunking mode: semantic merge (threshold=0.95)
2025-11-24 16:11:40,834 - author_ai.pipelines.ingestion - INFO - Chunking mode: semantic merge (threshold=0.95)
2025-11-24 16:11:42,960 - author_ai.pipelines.ingestion - INFO - Chunking mode: semantic merge (threshold=0.95)
2025-11-24 16:11:46,112 - author_ai.pipelines.ingestion - INFO - Chunking mode: semantic merge (threshold=0.95)
2025-11-24 16:11:48,297 - author_ai.pipelines.ingestion - INFO - Chunking mode: semantic merge (threshold=0.95)
2025-11-24 16:11:51,104 - author_ai.pipelines.ingestion - INFO - Chunking mode: semantic merge (threshold=0.95)
2025-11-24 16:11:53,369 - author_ai.pipelines.ingestion - INFO - Chunking mode: semantic merge (threshold=0.95)
2025-11-24 16:11:55,994 - author_ai.pipelines.ingestion - INFO - Chunking mode: semantic merge (threshold=0.95)
2025-11-24 16:11:58,673 - author_ai.pipelines.ingestion - INFO - Chunking mode: semantic merge (threshold=0.95)
2025-11-24 16:11:58,996 - author_ai.pipelines.ingestion - INFO - Chunking mode: semantic merge (threshold=0.95)
2025-11-24 16:11:59,375 - author_ai.pipelines.ingestion - INFO - Chunking mode: semantic merge (threshold=0.95)
2025-11-24 16:12:00,350 - author_ai.pipelines.ingestion - INFO - Chunking mode: semantic merge (threshold=0.95)
2025-11-24 16:12:00,804 - author_ai.pipelines.ingestion - INFO - Chunking mode: semantic merge (threshold=0.95)
2025-11-24 16:12:01,472 - author_ai.pipelines.ingestion - INFO - Chunking mode: semantic merge (threshold=0.95)
2025-11-24 16:12:01,475 - author_ai.pipelines.ingestion - INFO - Chunking mode: recursive splitter (max_chars=1200, overlap=200)
2025-11-24 16:12:01,828 - author_ai.pipelines.ingestion - INFO - Chunking mode: semantic merge (threshold=0.95)
2025-11-24 16:12:25,569 - author_ai.pipelines.accuracy - INFO - Indexed source /Users/vicentefeliu/Documents/author_ai/author_-accuracy.ai/backend/data/uploads/d4cd0c54-e676-4cb7-ad72-d877764dc6df/2024_Global_Wolrd_Hunger_Index.pdf with 2190 chunks
2025-11-24 16:12:25,682 - author_ai.pipelines.ingestion - INFO - Ingesting PDF /Users/vicentefeliu/Documents/author_ai/author_-accuracy.ai/backend/data/uploads/5c1a681d-259c-4c53-b6f6-7aefb6305fec/HH_Nov24-May25_FINAL.pdf
2025-11-24 16:12:31,224 - author_ai.services.table_extraction - INFO - Tabula extracted 58 tables from /Users/vicentefeliu/Documents/author_ai/author_-accuracy.ai/backend/data/uploads/5c1a681d-259c-4c53-b6f6-7aefb6305fec/HH_Nov24-May25_FINAL.pdf
2025-11-24 16:12:36,544 - author_ai.pipelines.ingestion - INFO - Chunking mode: semantic merge (threshold=0.95)
2025-11-24 16:12:37,293 - author_ai.pipelines.ingestion - INFO - Chunking mode: semantic merge (threshold=0.95)
2025-11-24 16:12:37,664 - author_ai.pipelines.ingestion - INFO - Chunking mode: semantic merge (threshold=0.95)
2025-11-24 16:12:38,256 - author_ai.pipelines.ingestion - INFO - Chunking mode: semantic merge (threshold=0.95)
2025-11-24 16:12:38,687 - author_ai.pipelines.ingestion - INFO - Chunking mode: semantic merge (threshold=0.95)
2025-11-24 16:12:39,097 - author_ai.pipelines.ingestion - INFO - Chunking mode: semantic merge (threshold=0.95)
2025-11-24 16:12:39,799 - author_ai.pipelines.ingestion - INFO - Chunking mode: semantic merge (threshold=0.95)
2025-11-24 16:12:40,065 - author_ai.pipelines.ingestion - INFO - Chunking mode: semantic merge (threshold=0.95)
2025-11-24 16:12:41,105 - author_ai.pipelines.ingestion - INFO - Chunking mode: semantic merge (threshold=0.95)
2025-11-24 16:12:41,779 - author_ai.pipelines.ingestion - INFO - Chunking mode: semantic merge (threshold=0.95)
2025-11-24 16:12:42,207 - author_ai.pipelines.ingestion - INFO - Chunking mode: semantic merge (threshold=0.95)
2025-11-24 16:12:42,636 - author_ai.pipelines.ingestion - INFO - Chunking mode: semantic merge (threshold=0.95)
2025-11-24 16:12:42,927 - author_ai.pipelines.ingestion - INFO - Chunking mode: semantic merge (threshold=0.95)
2025-11-24 16:12:43,480 - author_ai.pipelines.ingestion - INFO - Chunking mode: semantic merge (threshold=0.95)
2025-11-24 16:12:43,752 - author_ai.pipelines.ingestion - INFO - Chunking mode: semantic merge (threshold=0.95)
2025-11-24 16:12:44,266 - author_ai.pipelines.ingestion - INFO - Chunking mode: semantic merge (threshold=0.95)
2025-11-24 16:12:44,730 - author_ai.pipelines.ingestion - INFO - Chunking mode: semantic merge (threshold=0.95)
2025-11-24 16:12:45,087 - author_ai.pipelines.ingestion - INFO - Chunking mode: semantic merge (threshold=0.95)
2025-11-24 16:12:45,532 - author_ai.pipelines.ingestion - INFO - Chunking mode: semantic merge (threshold=0.95)
2025-11-24 16:12:45,864 - author_ai.pipelines.ingestion - INFO - Chunking mode: semantic merge (threshold=0.95)
2025-11-24 16:12:46,900 - author_ai.pipelines.ingestion - INFO - Chunking mode: semantic merge (threshold=0.95)
2025-11-24 16:12:47,496 - author_ai.pipelines.ingestion - INFO - Chunking mode: semantic merge (threshold=0.95)
2025-11-24 16:12:47,964 - author_ai.pipelines.ingestion - INFO - Chunking mode: semantic merge (threshold=0.95)
2025-11-24 16:12:48,661 - author_ai.pipelines.ingestion - INFO - Chunking mode: semantic merge (threshold=0.95)
2025-11-24 16:12:49,276 - author_ai.pipelines.ingestion - INFO - Chunking mode: semantic merge (threshold=0.95)
2025-11-24 16:12:50,262 - author_ai.pipelines.ingestion - INFO - Chunking mode: semantic merge (threshold=0.95)
2025-11-24 16:12:50,941 - author_ai.pipelines.ingestion - INFO - Chunking mode: semantic merge (threshold=0.95)
2025-11-24 16:12:51,477 - author_ai.pipelines.ingestion - INFO - Chunking mode: semantic merge (threshold=0.95)
2025-11-24 16:12:51,878 - author_ai.pipelines.ingestion - INFO - Chunking mode: semantic merge (threshold=0.95)
2025-11-24 16:12:52,336 - author_ai.pipelines.ingestion - INFO - Chunking mode: semantic merge (threshold=0.95)
2025-11-24 16:12:52,912 - author_ai.pipelines.ingestion - INFO - Chunking mode: semantic merge (threshold=0.95)
2025-11-24 16:12:53,263 - author_ai.pipelines.ingestion - INFO - Chunking mode: semantic merge (threshold=0.95)
2025-11-24 16:12:53,645 - author_ai.pipelines.ingestion - INFO - Chunking mode: semantic merge (threshold=0.95)
2025-11-24 16:12:53,969 - author_ai.pipelines.ingestion - INFO - Chunking mode: semantic merge (threshold=0.95)
2025-11-24 16:12:54,362 - author_ai.pipelines.ingestion - INFO - Chunking mode: semantic merge (threshold=0.95)
2025-11-24 16:12:54,774 - author_ai.pipelines.ingestion - INFO - Chunking mode: semantic merge (threshold=0.95)
2025-11-24 16:12:55,073 - author_ai.pipelines.ingestion - INFO - Chunking mode: semantic merge (threshold=0.95)
2025-11-24 16:12:55,377 - author_ai.pipelines.ingestion - INFO - Chunking mode: semantic merge (threshold=0.95)
2025-11-24 16:12:55,833 - author_ai.pipelines.ingestion - INFO - Chunking mode: semantic merge (threshold=0.95)
2025-11-24 16:12:56,358 - author_ai.pipelines.ingestion - INFO - Chunking mode: semantic merge (threshold=0.95)
2025-11-24 16:12:56,707 - author_ai.pipelines.ingestion - INFO - Chunking mode: semantic merge (threshold=0.95)
2025-11-24 16:12:57,891 - author_ai.pipelines.ingestion - INFO - Chunking mode: semantic merge (threshold=0.95)
2025-11-24 16:13:00,142 - author_ai.pipelines.ingestion - INFO - Chunking mode: semantic merge (threshold=0.95)
2025-11-24 16:13:01,310 - author_ai.pipelines.ingestion - INFO - Chunking mode: semantic merge (threshold=0.95)
2025-11-24 16:13:02,348 - author_ai.pipelines.ingestion - INFO - Chunking mode: semantic merge (threshold=0.95)
2025-11-24 16:13:03,386 - author_ai.pipelines.ingestion - INFO - Chunking mode: semantic merge (threshold=0.95)
2025-11-24 16:13:04,784 - author_ai.pipelines.ingestion - INFO - Chunking mode: semantic merge (threshold=0.95)
2025-11-24 16:13:06,048 - author_ai.pipelines.ingestion - INFO - Chunking mode: semantic merge (threshold=0.95)
2025-11-24 16:13:07,543 - author_ai.pipelines.ingestion - INFO - Chunking mode: semantic merge (threshold=0.95)
2025-11-24 16:13:08,924 - author_ai.pipelines.ingestion - INFO - Chunking mode: semantic merge (threshold=0.95)
2025-11-24 16:13:10,602 - author_ai.pipelines.ingestion - INFO - Chunking mode: semantic merge (threshold=0.95)
2025-11-24 16:13:11,652 - author_ai.pipelines.ingestion - INFO - Chunking mode: semantic merge (threshold=0.95)
2025-11-24 16:13:13,541 - author_ai.pipelines.ingestion - INFO - Chunking mode: semantic merge (threshold=0.95)
2025-11-24 16:13:15,125 - author_ai.pipelines.ingestion - INFO - Chunking mode: semantic merge (threshold=0.95)
2025-11-24 16:13:15,450 - author_ai.pipelines.ingestion - INFO - Chunking mode: semantic merge (threshold=0.95)
2025-11-24 16:13:15,799 - author_ai.pipelines.ingestion - INFO - Chunking mode: semantic merge (threshold=0.95)
2025-11-24 16:13:46,124 - author_ai.pipelines.accuracy - INFO - Indexed source /Users/vicentefeliu/Documents/author_ai/author_-accuracy.ai/backend/data/uploads/5c1a681d-259c-4c53-b6f6-7aefb6305fec/HH_Nov24-May25_FINAL.pdf with 2319 chunks
2025-11-24 16:13:46,699 - author_ai.pipelines.ingestion - INFO - Ingesting PDF /Users/vicentefeliu/Documents/author_ai/author_-accuracy.ai/backend/data/uploads/d6bd94d4-a822-4ad4-a88f-9aef79e8421e/World_Hunger_Fake.pdf
2025-11-24 16:13:47,359 - author_ai.services.table_extraction - INFO - Tabula extracted 4 tables from /Users/vicentefeliu/Documents/author_ai/author_-accuracy.ai/backend/data/uploads/d6bd94d4-a822-4ad4-a88f-9aef79e8421e/World_Hunger_Fake.pdf
2025-11-24 16:13:52,718 - author_ai.pipelines.ingestion - INFO - Chunking mode: semantic merge (threshold=0.95)
2025-11-24 16:13:53,339 - author_ai.pipelines.ingestion - INFO - Chunking mode: semantic merge (threshold=0.95)
2025-11-24 16:13:54,085 - author_ai.pipelines.ingestion - INFO - Chunking mode: semantic merge (threshold=0.95)
2025-11-24 16:13:54,086 - author_ai.pipelines.ingestion - INFO - Chunking mode: recursive splitter (max_chars=1200, overlap=200)
2025-11-24 16:15:18,102 - author_ai.pipelines.accuracy - INFO - Extracted 23 claims from /Users/vicentefeliu/Documents/author_ai/author_-accuracy.ai/backend/data/uploads/d6bd94d4-a822-4ad4-a88f-9aef79e8421e/World_Hunger_Fake.pdf
2025-11-24 16:15:18,104 - author_ai.pipelines.ingestion - INFO - Ingesting PDF /Users/vicentefeliu/Documents/author_ai/author_-accuracy.ai/backend/data/uploads/d6bd94d4-a822-4ad4-a88f-9aef79e8421e/World_Hunger_Fake.pdf
2025-11-24 16:15:18,902 - author_ai.services.table_extraction - INFO - Tabula extracted 4 tables from /Users/vicentefeliu/Documents/author_ai/author_-accuracy.ai/backend/data/uploads/d6bd94d4-a822-4ad4-a88f-9aef79e8421e/World_Hunger_Fake.pdf
2025-11-24 16:15:22,470 - author_ai.pipelines.ingestion - INFO - Chunking mode: semantic merge (threshold=0.95)
2025-11-24 16:15:22,936 - author_ai.pipelines.ingestion - INFO - Chunking mode: semantic merge (threshold=0.95)
2025-11-24 16:15:23,385 - author_ai.pipelines.ingestion - INFO - Chunking mode: semantic merge (threshold=0.95)
2025-11-24 16:15:23,386 - author_ai.pipelines.ingestion - INFO - Chunking mode: recursive splitter (max_chars=1200, overlap=200)
2025-11-24 16:17:27,419 - author_ai.services.environment - INFO - Cleared pipeline tables in /Users/vicentefeliu/Documents/author_ai/author_-accuracy.ai/backend/data/accuracy.db
2025-11-24 16:17:27,483 - author_ai.services.environment - INFO - Environment reset complete; pipeline state cleared.
2025-11-24 16:17:27,493 - author_ai.pipelines.ingestion - INFO - Ingesting PDF /Users/vicentefeliu/Documents/author_ai/author_-accuracy.ai/backend/data/uploads/ceebc3f2-fee1-45fe-b0af-2e10242dd2d7/2025_world_hunger.pdf
2025-11-24 16:17:31,882 - author_ai.services.table_extraction - INFO - Tabula extracted 20 tables from /Users/vicentefeliu/Documents/author_ai/author_-accuracy.ai/backend/data/uploads/ceebc3f2-fee1-45fe-b0af-2e10242dd2d7/2025_world_hunger.pdf
2025-11-24 16:17:37,716 - author_ai.pipelines.ingestion - INFO - Chunking mode: semantic merge (threshold=0.95)
2025-11-24 16:17:38,119 - author_ai.pipelines.ingestion - INFO - Chunking mode: semantic merge (threshold=0.95)
2025-11-24 16:17:38,439 - author_ai.pipelines.ingestion - INFO - Chunking mode: semantic merge (threshold=0.95)
2025-11-24 16:17:38,927 - author_ai.pipelines.ingestion - INFO - Chunking mode: semantic merge (threshold=0.95)
2025-11-24 16:17:39,270 - author_ai.pipelines.ingestion - INFO - Chunking mode: semantic merge (threshold=0.95)
2025-11-24 16:17:40,165 - author_ai.pipelines.ingestion - INFO - Chunking mode: semantic merge (threshold=0.95)
2025-11-24 16:17:40,851 - author_ai.pipelines.ingestion - INFO - Chunking mode: semantic merge (threshold=0.95)
2025-11-24 16:17:41,510 - author_ai.pipelines.ingestion - INFO - Chunking mode: semantic merge (threshold=0.95)
2025-11-24 16:17:43,922 - author_ai.pipelines.accuracy - INFO - Indexed source /Users/vicentefeliu/Documents/author_ai/author_-accuracy.ai/backend/data/uploads/ceebc3f2-fee1-45fe-b0af-2e10242dd2d7/2025_world_hunger.pdf with 182 chunks
2025-11-24 16:17:43,962 - author_ai.pipelines.ingestion - INFO - Ingesting PDF /Users/vicentefeliu/Documents/author_ai/author_-accuracy.ai/backend/data/uploads/f8e2d7bf-d39e-45ba-ab03-e554f1b61c37/disruptions_in_the_food_supply_chain.pdf
2025-11-24 16:17:47,375 - author_ai.services.table_extraction - INFO - Tabula extracted 23 tables from /Users/vicentefeliu/Documents/author_ai/author_-accuracy.ai/backend/data/uploads/f8e2d7bf-d39e-45ba-ab03-e554f1b61c37/disruptions_in_the_food_supply_chain.pdf
2025-11-24 16:17:51,699 - author_ai.pipelines.ingestion - INFO - Chunking mode: semantic merge (threshold=0.95)
2025-11-24 16:17:52,078 - author_ai.pipelines.ingestion - INFO - Chunking mode: semantic merge (threshold=0.95)
2025-11-24 16:17:53,535 - author_ai.pipelines.ingestion - INFO - Chunking mode: semantic merge (threshold=0.95)
2025-11-24 16:17:53,992 - author_ai.pipelines.ingestion - INFO - Chunking mode: semantic merge (threshold=0.95)
2025-11-24 16:17:54,493 - author_ai.pipelines.ingestion - INFO - Chunking mode: semantic merge (threshold=0.95)
2025-11-24 16:17:54,833 - author_ai.pipelines.ingestion - INFO - Chunking mode: semantic merge (threshold=0.95)
2025-11-24 16:17:55,359 - author_ai.pipelines.ingestion - INFO - Chunking mode: semantic merge (threshold=0.95)
2025-11-24 16:17:56,065 - author_ai.pipelines.ingestion - INFO - Chunking mode: semantic merge (threshold=0.95)
2025-11-24 16:17:56,798 - author_ai.pipelines.ingestion - INFO - Chunking mode: semantic merge (threshold=0.95)
2025-11-24 16:17:57,396 - author_ai.pipelines.ingestion - INFO - Chunking mode: semantic merge (threshold=0.95)
2025-11-24 16:17:58,237 - author_ai.pipelines.ingestion - INFO - Chunking mode: semantic merge (threshold=0.95)
2025-11-24 16:17:58,895 - author_ai.pipelines.ingestion - INFO - Chunking mode: semantic merge (threshold=0.95)
2025-11-24 16:17:59,157 - author_ai.pipelines.ingestion - INFO - Chunking mode: semantic merge (threshold=0.95)
2025-11-24 16:17:59,618 - author_ai.pipelines.ingestion - INFO - Chunking mode: semantic merge (threshold=0.95)
2025-11-24 16:17:59,995 - author_ai.pipelines.ingestion - INFO - Chunking mode: semantic merge (threshold=0.95)
2025-11-24 16:18:00,894 - author_ai.pipelines.ingestion - INFO - Chunking mode: semantic merge (threshold=0.95)
2025-11-24 16:18:01,786 - author_ai.pipelines.ingestion - INFO - Chunking mode: semantic merge (threshold=0.95)
2025-11-24 16:18:12,420 - author_ai.pipelines.ingestion - INFO - Chunking mode: semantic merge (threshold=0.95)
2025-11-24 16:18:13,785 - author_ai.pipelines.ingestion - INFO - Chunking mode: semantic merge (threshold=0.95)
2025-11-24 16:18:16,698 - author_ai.pipelines.ingestion - INFO - Chunking mode: semantic merge (threshold=0.95)
2025-11-24 16:18:20,549 - author_ai.pipelines.ingestion - INFO - Chunking mode: semantic merge (threshold=0.95)
2025-11-24 16:18:32,121 - author_ai.pipelines.accuracy - INFO - Indexed source /Users/vicentefeliu/Documents/author_ai/author_-accuracy.ai/backend/data/uploads/f8e2d7bf-d39e-45ba-ab03-e554f1b61c37/disruptions_in_the_food_supply_chain.pdf with 1214 chunks
2025-11-24 16:18:32,650 - author_ai.pipelines.ingestion - INFO - Ingesting PDF /Users/vicentefeliu/Documents/author_ai/author_-accuracy.ai/backend/data/uploads/d4cd0c54-e676-4cb7-ad72-d877764dc6df/2024_Global_Wolrd_Hunger_Index.pdf
2025-11-24 16:18:40,424 - author_ai.services.table_extraction - INFO - Tabula extracted 72 tables from /Users/vicentefeliu/Documents/author_ai/author_-accuracy.ai/backend/data/uploads/d4cd0c54-e676-4cb7-ad72-d877764dc6df/2024_Global_Wolrd_Hunger_Index.pdf
2025-11-24 16:18:46,173 - author_ai.pipelines.ingestion - INFO - Chunking mode: semantic merge (threshold=0.95)
2025-11-24 16:18:46,174 - author_ai.pipelines.ingestion - INFO - Chunking mode: recursive splitter (max_chars=1200, overlap=200)
2025-11-24 16:18:46,517 - author_ai.pipelines.ingestion - INFO - Chunking mode: semantic merge (threshold=0.95)
2025-11-24 16:18:46,822 - author_ai.pipelines.ingestion - INFO - Chunking mode: semantic merge (threshold=0.95)
2025-11-24 16:18:47,406 - author_ai.pipelines.ingestion - INFO - Chunking mode: semantic merge (threshold=0.95)
2025-11-24 16:18:47,702 - author_ai.pipelines.ingestion - INFO - Chunking mode: semantic merge (threshold=0.95)
2025-11-24 16:18:48,390 - author_ai.pipelines.ingestion - INFO - Chunking mode: semantic merge (threshold=0.95)
2025-11-24 16:18:48,657 - author_ai.pipelines.ingestion - INFO - Chunking mode: semantic merge (threshold=0.95)
2025-11-24 16:18:49,113 - author_ai.pipelines.ingestion - INFO - Chunking mode: semantic merge (threshold=0.95)
2025-11-24 16:18:49,627 - author_ai.pipelines.ingestion - INFO - Chunking mode: semantic merge (threshold=0.95)
2025-11-24 16:18:49,958 - author_ai.pipelines.ingestion - INFO - Chunking mode: semantic merge (threshold=0.95)
2025-11-24 16:18:50,418 - author_ai.pipelines.ingestion - INFO - Chunking mode: semantic merge (threshold=0.95)
2025-11-24 16:18:50,829 - author_ai.pipelines.ingestion - INFO - Chunking mode: semantic merge (threshold=0.95)
2025-11-24 16:18:51,667 - author_ai.pipelines.ingestion - INFO - Chunking mode: semantic merge (threshold=0.95)
2025-11-24 16:18:52,153 - author_ai.pipelines.ingestion - INFO - Chunking mode: semantic merge (threshold=0.95)
2025-11-24 16:18:52,460 - author_ai.pipelines.ingestion - INFO - Chunking mode: semantic merge (threshold=0.95)
2025-11-24 16:18:53,023 - author_ai.pipelines.ingestion - INFO - Chunking mode: semantic merge (threshold=0.95)
2025-11-24 16:18:53,451 - author_ai.pipelines.ingestion - INFO - Chunking mode: semantic merge (threshold=0.95)
2025-11-24 16:18:54,684 - author_ai.pipelines.ingestion - INFO - Chunking mode: semantic merge (threshold=0.95)
2025-11-24 16:18:55,302 - author_ai.pipelines.ingestion - INFO - Chunking mode: semantic merge (threshold=0.95)
2025-11-24 16:18:55,841 - author_ai.pipelines.ingestion - INFO - Chunking mode: semantic merge (threshold=0.95)
2025-11-24 16:18:56,857 - author_ai.pipelines.ingestion - INFO - Chunking mode: semantic merge (threshold=0.95)
2025-11-24 16:18:57,517 - author_ai.pipelines.ingestion - INFO - Chunking mode: semantic merge (threshold=0.95)
2025-11-24 16:18:57,944 - author_ai.pipelines.ingestion - INFO - Chunking mode: semantic merge (threshold=0.95)
2025-11-24 16:18:58,398 - author_ai.pipelines.ingestion - INFO - Chunking mode: semantic merge (threshold=0.95)
2025-11-24 16:18:58,699 - author_ai.pipelines.ingestion - INFO - Chunking mode: semantic merge (threshold=0.95)
2025-11-24 16:18:59,218 - author_ai.pipelines.ingestion - INFO - Chunking mode: semantic merge (threshold=0.95)
2025-11-24 16:18:59,641 - author_ai.pipelines.ingestion - INFO - Chunking mode: semantic merge (threshold=0.95)
2025-11-24 16:19:00,218 - author_ai.pipelines.ingestion - INFO - Chunking mode: semantic merge (threshold=0.95)
2025-11-24 16:19:00,704 - author_ai.pipelines.ingestion - INFO - Chunking mode: semantic merge (threshold=0.95)
2025-11-24 16:19:01,161 - author_ai.pipelines.ingestion - INFO - Chunking mode: semantic merge (threshold=0.95)
2025-11-24 16:19:01,643 - author_ai.pipelines.ingestion - INFO - Chunking mode: semantic merge (threshold=0.95)
2025-11-24 16:19:02,142 - author_ai.pipelines.ingestion - INFO - Chunking mode: semantic merge (threshold=0.95)
2025-11-24 16:19:02,483 - author_ai.pipelines.ingestion - INFO - Chunking mode: semantic merge (threshold=0.95)
2025-11-24 16:19:02,873 - author_ai.pipelines.ingestion - INFO - Chunking mode: semantic merge (threshold=0.95)
2025-11-24 16:19:03,488 - author_ai.pipelines.ingestion - INFO - Chunking mode: semantic merge (threshold=0.95)
2025-11-24 16:19:04,037 - author_ai.pipelines.ingestion - INFO - Chunking mode: semantic merge (threshold=0.95)
2025-11-24 16:19:04,537 - author_ai.pipelines.ingestion - INFO - Chunking mode: semantic merge (threshold=0.95)
2025-11-24 16:19:05,270 - author_ai.pipelines.ingestion - INFO - Chunking mode: semantic merge (threshold=0.95)
2025-11-24 16:19:05,561 - author_ai.pipelines.ingestion - INFO - Chunking mode: semantic merge (threshold=0.95)
2025-11-24 16:19:06,331 - author_ai.pipelines.ingestion - INFO - Chunking mode: semantic merge (threshold=0.95)
2025-11-24 16:19:07,052 - author_ai.pipelines.ingestion - INFO - Chunking mode: semantic merge (threshold=0.95)
2025-11-24 16:19:07,446 - author_ai.pipelines.ingestion - INFO - Chunking mode: semantic merge (threshold=0.95)
2025-11-24 16:19:07,957 - author_ai.pipelines.ingestion - INFO - Chunking mode: semantic merge (threshold=0.95)
2025-11-24 16:19:08,387 - author_ai.pipelines.ingestion - INFO - Chunking mode: semantic merge (threshold=0.95)
2025-11-24 16:19:08,839 - author_ai.pipelines.ingestion - INFO - Chunking mode: semantic merge (threshold=0.95)
2025-11-24 16:19:09,560 - author_ai.pipelines.ingestion - INFO - Chunking mode: semantic merge (threshold=0.95)
2025-11-24 16:19:09,902 - author_ai.pipelines.ingestion - INFO - Chunking mode: semantic merge (threshold=0.95)
2025-11-24 16:19:10,272 - author_ai.pipelines.ingestion - INFO - Chunking mode: semantic merge (threshold=0.95)
2025-11-24 16:19:10,793 - author_ai.pipelines.ingestion - INFO - Chunking mode: semantic merge (threshold=0.95)
2025-11-24 16:19:11,128 - author_ai.pipelines.ingestion - INFO - Chunking mode: semantic merge (threshold=0.95)
2025-11-24 16:19:11,463 - author_ai.pipelines.ingestion - INFO - Chunking mode: semantic merge (threshold=0.95)
2025-11-24 16:19:14,484 - author_ai.pipelines.ingestion - INFO - Chunking mode: semantic merge (threshold=0.95)
2025-11-24 16:19:17,393 - author_ai.pipelines.ingestion - INFO - Chunking mode: semantic merge (threshold=0.95)
2025-11-24 16:19:19,374 - author_ai.pipelines.ingestion - INFO - Chunking mode: semantic merge (threshold=0.95)
2025-11-24 16:19:22,483 - author_ai.pipelines.ingestion - INFO - Chunking mode: semantic merge (threshold=0.95)
2025-11-24 16:19:23,972 - author_ai.pipelines.ingestion - INFO - Chunking mode: semantic merge (threshold=0.95)
2025-11-24 16:19:26,242 - author_ai.pipelines.ingestion - INFO - Chunking mode: semantic merge (threshold=0.95)
2025-11-24 16:19:27,815 - author_ai.pipelines.ingestion - INFO - Chunking mode: semantic merge (threshold=0.95)
2025-11-24 16:19:28,856 - author_ai.pipelines.ingestion - INFO - Chunking mode: semantic merge (threshold=0.95)
2025-11-24 16:19:29,225 - author_ai.pipelines.ingestion - INFO - Chunking mode: semantic merge (threshold=0.95)
2025-11-24 16:19:29,841 - author_ai.pipelines.ingestion - INFO - Chunking mode: semantic merge (threshold=0.95)
2025-11-24 16:19:30,230 - author_ai.pipelines.ingestion - INFO - Chunking mode: semantic merge (threshold=0.95)
2025-11-24 16:19:31,136 - author_ai.pipelines.ingestion - INFO - Chunking mode: semantic merge (threshold=0.95)
2025-11-24 16:19:31,137 - author_ai.pipelines.ingestion - INFO - Chunking mode: recursive splitter (max_chars=1200, overlap=200)
2025-11-24 16:19:31,573 - author_ai.pipelines.ingestion - INFO - Chunking mode: semantic merge (threshold=0.95)
2025-11-24 16:19:58,551 - author_ai.pipelines.accuracy - INFO - Indexed source /Users/vicentefeliu/Documents/author_ai/author_-accuracy.ai/backend/data/uploads/d4cd0c54-e676-4cb7-ad72-d877764dc6df/2024_Global_Wolrd_Hunger_Index.pdf with 2447 chunks
2025-11-24 16:19:58,636 - author_ai.pipelines.ingestion - INFO - Ingesting PDF /Users/vicentefeliu/Documents/author_ai/author_-accuracy.ai/backend/data/uploads/5c1a681d-259c-4c53-b6f6-7aefb6305fec/HH_Nov24-May25_FINAL.pdf
2025-11-24 16:20:04,067 - author_ai.services.table_extraction - INFO - Tabula extracted 58 tables from /Users/vicentefeliu/Documents/author_ai/author_-accuracy.ai/backend/data/uploads/5c1a681d-259c-4c53-b6f6-7aefb6305fec/HH_Nov24-May25_FINAL.pdf
2025-11-24 16:20:08,740 - author_ai.pipelines.ingestion - INFO - Chunking mode: semantic merge (threshold=0.95)
2025-11-24 16:20:09,190 - author_ai.pipelines.ingestion - INFO - Chunking mode: semantic merge (threshold=0.95)
2025-11-24 16:20:09,457 - author_ai.pipelines.ingestion - INFO - Chunking mode: semantic merge (threshold=0.95)
2025-11-24 16:20:10,466 - author_ai.pipelines.ingestion - INFO - Chunking mode: semantic merge (threshold=0.95)
2025-11-24 16:20:10,799 - author_ai.pipelines.ingestion - INFO - Chunking mode: semantic merge (threshold=0.95)
2025-11-24 16:20:11,037 - author_ai.pipelines.ingestion - INFO - Chunking mode: semantic merge (threshold=0.95)
2025-11-24 16:20:11,757 - author_ai.pipelines.ingestion - INFO - Chunking mode: semantic merge (threshold=0.95)
2025-11-24 16:20:12,243 - author_ai.pipelines.ingestion - INFO - Chunking mode: semantic merge (threshold=0.95)
2025-11-24 16:20:12,874 - author_ai.pipelines.ingestion - INFO - Chunking mode: semantic merge (threshold=0.95)
2025-11-24 16:20:13,282 - author_ai.pipelines.ingestion - INFO - Chunking mode: semantic merge (threshold=0.95)
2025-11-24 16:20:13,609 - author_ai.pipelines.ingestion - INFO - Chunking mode: semantic merge (threshold=0.95)
2025-11-24 16:20:13,901 - author_ai.pipelines.ingestion - INFO - Chunking mode: semantic merge (threshold=0.95)
2025-11-24 16:20:14,609 - author_ai.pipelines.ingestion - INFO - Chunking mode: semantic merge (threshold=0.95)
2025-11-24 16:20:15,135 - author_ai.pipelines.ingestion - INFO - Chunking mode: semantic merge (threshold=0.95)
2025-11-24 16:20:15,575 - author_ai.pipelines.ingestion - INFO - Chunking mode: semantic merge (threshold=0.95)
2025-11-24 16:20:15,950 - author_ai.pipelines.ingestion - INFO - Chunking mode: semantic merge (threshold=0.95)
2025-11-24 16:20:16,475 - author_ai.pipelines.ingestion - INFO - Chunking mode: semantic merge (threshold=0.95)
2025-11-24 16:20:17,199 - author_ai.pipelines.ingestion - INFO - Chunking mode: semantic merge (threshold=0.95)
2025-11-24 16:20:17,909 - author_ai.pipelines.ingestion - INFO - Chunking mode: semantic merge (threshold=0.95)
2025-11-24 16:20:18,551 - author_ai.pipelines.ingestion - INFO - Chunking mode: semantic merge (threshold=0.95)
2025-11-24 16:20:18,997 - author_ai.pipelines.ingestion - INFO - Chunking mode: semantic merge (threshold=0.95)
2025-11-24 16:20:19,566 - author_ai.pipelines.ingestion - INFO - Chunking mode: semantic merge (threshold=0.95)
2025-11-24 16:20:20,095 - author_ai.pipelines.ingestion - INFO - Chunking mode: semantic merge (threshold=0.95)
2025-11-24 16:20:20,736 - author_ai.pipelines.ingestion - INFO - Chunking mode: semantic merge (threshold=0.95)
2025-11-24 16:20:21,267 - author_ai.pipelines.ingestion - INFO - Chunking mode: semantic merge (threshold=0.95)
2025-11-24 16:20:21,798 - author_ai.pipelines.ingestion - INFO - Chunking mode: semantic merge (threshold=0.95)
2025-11-24 16:20:22,315 - author_ai.pipelines.ingestion - INFO - Chunking mode: semantic merge (threshold=0.95)
2025-11-24 16:20:22,883 - author_ai.pipelines.ingestion - INFO - Chunking mode: semantic merge (threshold=0.95)
2025-11-24 16:20:23,556 - author_ai.pipelines.ingestion - INFO - Chunking mode: semantic merge (threshold=0.95)
2025-11-24 16:20:23,940 - author_ai.pipelines.ingestion - INFO - Chunking mode: semantic merge (threshold=0.95)
2025-11-24 16:20:24,228 - author_ai.pipelines.ingestion - INFO - Chunking mode: semantic merge (threshold=0.95)
2025-11-24 16:20:25,168 - author_ai.pipelines.ingestion - INFO - Chunking mode: semantic merge (threshold=0.95)
2025-11-24 16:20:25,635 - author_ai.pipelines.ingestion - INFO - Chunking mode: semantic merge (threshold=0.95)
2025-11-24 16:20:26,474 - author_ai.pipelines.ingestion - INFO - Chunking mode: semantic merge (threshold=0.95)
2025-11-24 16:20:26,976 - author_ai.pipelines.ingestion - INFO - Chunking mode: semantic merge (threshold=0.95)
2025-11-24 16:20:27,388 - author_ai.pipelines.ingestion - INFO - Chunking mode: semantic merge (threshold=0.95)
2025-11-24 16:20:27,825 - author_ai.pipelines.ingestion - INFO - Chunking mode: semantic merge (threshold=0.95)
2025-11-24 16:20:28,395 - author_ai.pipelines.ingestion - INFO - Chunking mode: semantic merge (threshold=0.95)
2025-11-24 16:20:28,891 - author_ai.pipelines.ingestion - INFO - Chunking mode: semantic merge (threshold=0.95)
2025-11-24 16:20:29,557 - author_ai.pipelines.ingestion - INFO - Chunking mode: semantic merge (threshold=0.95)
2025-11-24 16:20:29,938 - author_ai.pipelines.ingestion - INFO - Chunking mode: semantic merge (threshold=0.95)
2025-11-24 16:20:31,706 - author_ai.pipelines.ingestion - INFO - Chunking mode: semantic merge (threshold=0.95)
2025-11-24 16:20:39,420 - author_ai.pipelines.ingestion - INFO - Chunking mode: semantic merge (threshold=0.95)
2025-11-24 16:20:41,134 - author_ai.pipelines.ingestion - INFO - Chunking mode: semantic merge (threshold=0.95)
2025-11-24 16:20:42,291 - author_ai.pipelines.ingestion - INFO - Chunking mode: semantic merge (threshold=0.95)
2025-11-24 16:20:43,506 - author_ai.pipelines.ingestion - INFO - Chunking mode: semantic merge (threshold=0.95)
2025-11-24 16:20:46,068 - author_ai.pipelines.ingestion - INFO - Chunking mode: semantic merge (threshold=0.95)
2025-11-24 16:20:47,904 - author_ai.pipelines.ingestion - INFO - Chunking mode: semantic merge (threshold=0.95)
2025-11-24 16:20:49,292 - author_ai.pipelines.ingestion - INFO - Chunking mode: semantic merge (threshold=0.95)
2025-11-24 16:20:50,741 - author_ai.pipelines.ingestion - INFO - Chunking mode: semantic merge (threshold=0.95)
2025-11-24 16:20:55,379 - author_ai.pipelines.ingestion - INFO - Chunking mode: semantic merge (threshold=0.95)
2025-11-24 16:21:01,083 - author_ai.pipelines.ingestion - INFO - Chunking mode: semantic merge (threshold=0.95)
2025-11-24 16:21:08,631 - author_ai.pipelines.ingestion - INFO - Chunking mode: semantic merge (threshold=0.95)
2025-11-24 16:21:09,801 - author_ai.pipelines.ingestion - INFO - Chunking mode: semantic merge (threshold=0.95)
2025-11-24 16:21:10,079 - author_ai.pipelines.ingestion - INFO - Chunking mode: semantic merge (threshold=0.95)
2025-11-24 16:21:10,390 - author_ai.pipelines.ingestion - INFO - Chunking mode: semantic merge (threshold=0.95)
2025-11-24 16:21:49,433 - author_ai.pipelines.accuracy - INFO - Indexed source /Users/vicentefeliu/Documents/author_ai/author_-accuracy.ai/backend/data/uploads/5c1a681d-259c-4c53-b6f6-7aefb6305fec/HH_Nov24-May25_FINAL.pdf with 2319 chunks
2025-11-24 16:21:50,036 - author_ai.pipelines.ingestion - INFO - Ingesting PDF /Users/vicentefeliu/Documents/author_ai/author_-accuracy.ai/backend/data/uploads/d6bd94d4-a822-4ad4-a88f-9aef79e8421e/World_Hunger_Fake.pdf
2025-11-24 16:21:50,660 - author_ai.services.table_extraction - INFO - Tabula extracted 4 tables from /Users/vicentefeliu/Documents/author_ai/author_-accuracy.ai/backend/data/uploads/d6bd94d4-a822-4ad4-a88f-9aef79e8421e/World_Hunger_Fake.pdf
2025-11-24 16:21:54,771 - author_ai.pipelines.ingestion - INFO - Chunking mode: semantic merge (threshold=0.95)
2025-11-24 16:21:55,303 - author_ai.pipelines.ingestion - INFO - Chunking mode: semantic merge (threshold=0.95)
2025-11-24 16:21:56,000 - author_ai.pipelines.ingestion - INFO - Chunking mode: semantic merge (threshold=0.95)
2025-11-24 16:21:56,001 - author_ai.pipelines.ingestion - INFO - Chunking mode: recursive splitter (max_chars=1200, overlap=200)
2025-11-24 16:23:12,852 - author_ai.pipelines.accuracy - INFO - Extracted 23 claims from /Users/vicentefeliu/Documents/author_ai/author_-accuracy.ai/backend/data/uploads/d6bd94d4-a822-4ad4-a88f-9aef79e8421e/World_Hunger_Fake.pdf
2025-11-24 16:23:12,852 - author_ai.pipelines.ingestion - INFO - Ingesting PDF /Users/vicentefeliu/Documents/author_ai/author_-accuracy.ai/backend/data/uploads/d6bd94d4-a822-4ad4-a88f-9aef79e8421e/World_Hunger_Fake.pdf
2025-11-24 16:23:13,450 - author_ai.services.table_extraction - INFO - Tabula extracted 4 tables from /Users/vicentefeliu/Documents/author_ai/author_-accuracy.ai/backend/data/uploads/d6bd94d4-a822-4ad4-a88f-9aef79e8421e/World_Hunger_Fake.pdf
2025-11-24 16:23:17,603 - author_ai.pipelines.ingestion - INFO - Chunking mode: semantic merge (threshold=0.95)
2025-11-24 16:23:17,984 - author_ai.pipelines.ingestion - INFO - Chunking mode: semantic merge (threshold=0.95)
2025-11-24 16:23:18,501 - author_ai.pipelines.ingestion - INFO - Chunking mode: semantic merge (threshold=0.95)
2025-11-24 16:23:18,502 - author_ai.pipelines.ingestion - INFO - Chunking mode: recursive splitter (max_chars=1200, overlap=200)
